SIGHTINGDATE,LAT,LON,Presence,SOURCE,SOURCE_DETAIL,PACKAGE_ID,Season,SST_Celsius,Frontal_Value,Chlorophyll_mg_m3,Salinity_PSU,SST_is_observed,Frontal_is_observed,Chlorophyll_is_observed,Salinity_is_observed,Any_env_missing
2018-11-12,42.25541,-70.178607,0,Acoustic,SanctSound/NOAA daily product,sanctsound_sb03_01_northatlanticrightwhale_1d,Fall,,,,,0,0,0,0,-1
2018-11-12,42.436838,-70.546958,0,Acoustic,SanctSound/NOAA daily product,sanctsound_sb01_01_northatlanticrightwhale_1d,Fall,,,,,0,0,0,0,-1
2018-11-12,42.470793,-70.24294,0,Acoustic,SanctSound/NOAA daily product,sanctsound_sb02_01_northatlanticrightwhale_1d,Fall,,,,,0,0,0,0,-1
2018-11-13,42.25541,-70.178607,0,Acoustic,SanctSound/NOAA daily product,sanctsound_sb03_01_northatlanticrightwhale_1d,Fall,,,,,0,0,0,0,-1
2018-11-13,42.436838,-70.546958,0,Acoustic,SanctSound/NOAA daily product,sanctsound_sb01_01_northatlanticrightwhale_1d,Fall,,,,,0,0,0,0,-1
2018-11-13,42.470793,-70.24294,0,Acoustic,SanctSound/NOAA daily product,sanctsound_sb02_01_northatlanticrightwhale_1d,Fall,,,,,0,0,0,0,-1
2018-11-14,42.25541,-70.178607,0,Acoustic,SanctSound/NOAA daily product,sanctsound_sb03_01_northatlanticrightwhale_1d,Fall,,,,,0,0,0,0,-1
2018-11-14,42.436838,-70.546958,0,Acoustic,SanctSound/NOAA daily product,sanctsound_sb01_01_northatlanticrightwhale_1d,Fall,,,,,0,0,0,0,-1
2018-11-14,42.470793,-70.24294,0,Acoustic,SanctSound/NOAA daily product,sanctsound_sb02_01_northatlanticrightwhale_1d,Fall,,,,,0,0,0,0,-1
2018-11-15,42.25541,-70.178607,0,Acoustic,SanctSound/NOAA daily product,sanctsound_sb03_01_northatlanticrightwhale_1d,Fall,,,,,0,0,0,0,-1
2018-11-15,42.436838,-70.546958,0,Acoustic,SanctSound/NOAA daily product,sanctsound_sb01_01_northatlanticrightwhale_1d,Fall,,,,,0,0,0,0,-1
2018-11-15,42.470793,-70.24294,1,Acoustic,SanctSound/NOAA daily product,sanctsound_sb02_01_northatlanticrightwhale_1d,Fall,,,,,0,0,0,0,-1
2018-11-16,42.25541,-70.178607,0,Acoustic,SanctSound/NOAA daily product,sanctsound_sb03_01_northatlanticrightwhale_1d,Fall,,,,,0,0,0,0,-1
2018-11-16,42.436838,-70.546958,0,Acoustic,SanctSound/NOAA daily product,sanctsound_sb01_01_northatlanticrightwhale_1d,Fall,,,,,0,0,0,0,-1
2018-11-16,42.470793,-70.24294,0,Acoustic,SanctSound/NOAA daily product,sanctsound_sb02_01_northatlanticrightwhale_1d,Fall,,,,,0,0,0,0,-1
2018-11-17,42.25541,-70.178607,1,Acoustic,SanctSound/NOAA daily product,sanctsound_sb03_01_northatlanticrightwhale_1d,Fall,,,,,0,0,0,0,-1
2018-11-17,42.436838,-70.546958,0,Acoustic,SanctSound/NOAA daily product,sanctsound_sb01_01_northatlanticrightwhale_1d,Fall,,,,,0,0,0,0,-1
2018-11-17,42.470793,-70.24294,1,Acoustic,SanctSound/NOAA daily product,sanctsound_sb02_01_northatlanticrightwhale_1d,Fall,,,,,0,0,0,0,-1
2018-11-18,42.25541,-70.178607,0,Acoustic,SanctSound/NOAA daily product,sanctsound_sb03_01_northatlanticrightwhale_1d,Fall,,,,,0,0,0,0,-1
2018-11-18,42.436838,-70.546958,0,Acoustic,SanctSound/NOAA daily product,sanctsound_sb01_01_northatlanticrightwhale_1d,Fall,,,,,0,0,0,0,-1
2018-11-18,42.470793,-70.24294,0,Acoustic,SanctSound/NOAA daily product,sanctsound_sb02_01_northatlanticrightwhale_1d,Fall,,,,,0,0,0,0,-1
2018-11-19,42.25541,-70.178607,0,Acoustic,SanctSound/NOAA daily product,sanctsound_sb03_01_northatlanticrightwhale_1d,Fall,,,,,0,0,0,0,-1
2018-11-19,42.436838,-70.546958,0,Acoustic,SanctSound/NOAA daily product,sanctsound_sb01_01_northatlanticrightwhale_1d,Fall,,,,,0,0,0,0,-1
2018-11-19,42.470793,-70.24294,0,Acoustic,SanctSound/NOAA daily product,sanctsound_sb02_01_northatlanticrightwhale_1d,Fall,,,,,0,0,0,0,-1
2018-11-20,42.25541,-70.178607,0,Acoustic,SanctSound/NOAA daily product,sanctsound_sb03_01_northatlanticrightwhale_1d,Fall,,,,,0,0,0,0,-1
2018-11-20,42.436838,-70.546958,0,Acoustic,SanctSound/NOAA daily product,sanctsound_sb01_01_northatlanticrightwhale_1d,Fall,,,,,0,0,0,0,-1
2018-11-20,42.470793,-70.24294,0,Acoustic,SanctSound/NOAA daily product,sanctsound_sb02_01_northatlanticrightwhale_1d,Fall,,,,,0,0,0,0,-1
2018-11-21,42.25541,-70.178607,0,Acoustic,SanctSound/NOAA daily product,sanctsound_sb03_01_northatlanticrightwhale_1d,Fall,,,,,0,0,0,0,-1
2018-11-21,42.436838,-70.546958,0,Acoustic,SanctSound/NOAA daily product,sanctsound_sb01_01_northatlanticrightwhale_1d,Fall,,,,,0,0,0,0,-1
2018-11-21,42.470793,-70.24294,0,Acoustic,SanctSound/NOAA daily product,sanctsound_sb02_01_northatlanticrightwhale_1d,Fall,,,,,0,0,0,0,-1
2018-11-22,42.25541,-70.178607,0,Acoustic,SanctSound/NOAA daily product,sanctsound_sb03_01_northatlanticrightwhale_1d,Fall,,,,,0,0,0,0,-1
2018-11-22,42.436838,-70.546958,0,Acoustic,SanctSound/NOAA daily product,sanctsound_sb01_01_northatlanticrightwhale_1d,Fall,,,,,0,0,0,0,-1
2018-11-22,42.470793,-70.24294,0,Acoustic,SanctSound/NOAA daily product,sanctsound_sb02_01_northatlanticrightwhale_1d,Fall,,,,,0,0,0,0,-1
2018-11-23,42.25541,-70.178607,0,Acoustic,SanctSound/NOAA daily product,sanctsound_sb03_01_northatlanticrightwhale_1d,Fall,,,,,0,0,0,0,-1
2018-11-23,42.436838,-70.546958,0,Acoustic,SanctSound/NOAA daily product,sanctsound_sb01_01_northatlanticrightwhale_1d,Fall,,,,,0,0,0,0,-1
2018-11-23,42.470793,-70.24294,0,Acoustic,SanctSound/NOAA daily product,sanctsound_sb02_01_northatlanticrightwhale_1d,Fall,,,,,0,0,0,0,-1
2018-11-24,42.25541,-70.178607,0,Acoustic,SanctSound/NOAA daily product,sanctsound_sb03_01_northatlanticrightwhale_1d,Fall,,,,,0,0,0,0,-1
2018-11-24,42.436838,-70.546958,0,Acoustic,SanctSound/NOAA daily product,sanctsound_sb01_01_northatlanticrightwhale_1d,Fall,,,,,0,0,0,0,-1
2018-11-24,42.470793,-70.24294,0,Acoustic,SanctSound/NOAA daily product,sanctsound_sb02_01_northatlanticrightwhale_1d,Fall,,,,,0,0,0,0,-1
2018-11-25,42.25541,-70.178607,0,Acoustic,SanctSound/NOAA daily product,sanctsound_sb03_01_northatlanticrightwhale_1d,Fall,,,,,0,0,0,0,-1
2018-11-25,42.436838,-70.546958,0,Acoustic,SanctSound/NOAA daily product,sanctsound_sb01_01_northatlanticrightwhale_1d,Fall,,,,,0,0,0,0,-1
2018-11-25,42.470793,-70.24294,0,Acoustic,SanctSound/NOAA daily product,sanctsound_sb02_01_northatlanticrightwhale_1d,Fall,,,,,0,0,0,0,-1
2018-11-26,42.25541,-70.178607,0,Acoustic,SanctSound/NOAA daily product,sanctsound_sb03_01_northatlanticrightwhale_1d,Fall,,,,,0,0,0,0,-1
2018-11-26,42.436838,-70.546958,0,Acoustic,SanctSound/NOAA daily product,sanctsound_sb01_01_northatlanticrightwhale_1d,Fall,,,,,0,0,0,0,-1
2018-11-26,42.470793,-70.24294,0,Acoustic,SanctSound/NOAA daily product,sanctsound_sb02_01_northatlanticrightwhale_1d,Fall,,,,,0,0,0,0,-1
2018-11-27,42.25541,-70.178607,0,Acoustic,SanctSound/NOAA daily product,sanctsound_sb03_01_northatlanticrightwhale_1d,Fall,,,,,0,0,0,0,-1
2018-11-27,42.436838,-70.546958,0,Acoustic,SanctSound/NOAA daily product,sanctsound_sb01_01_northatlanticrightwhale_1d,Fall,,,,,0,0,0,0,-1
2018-11-27,42.470793,-70.24294,0,Acoustic,SanctSound/NOAA daily product,sanctsound_sb02_01_northatlanticrightwhale_1d,Fall,,,,,0,0,0,0,-1
2018-11-28,42.25541,-70.178607,0,Acoustic,SanctSound/NOAA daily product,sanctsound_sb03_01_northatlanticrightwhale_1d,Fall,,,,,0,0,0,0,-1
2018-11-28,42.436838,-70.546958,0,Acoustic,SanctSound/NOAA daily product,sanctsound_sb01_01_northatlanticrightwhale_1d,Fall,,,,,0,0,0,0,-1
2018-11-28,42.470793,-70.24294,0,Acoustic,SanctSound/NOAA daily product,sanctsound_sb02_01_northatlanticrightwhale_1d,Fall,,,,,0,0,0,0,-1
2018-11-29,42.25541,-70.178607,0,Acoustic,SanctSound/NOAA daily product,sanctsound_sb03_01_northatlanticrightwhale_1d,Fall,,,,,0,0,0,0,-1
2018-11-29,42.436838,-70.546958,0,Acoustic,SanctSound/NOAA daily product,sanctsound_sb01_01_northatlanticrightwhale_1d,Fall,,,,,0,0,0,0,-1
2018-11-29,42.470793,-70.24294,0,Acoustic,SanctSound/NOAA daily product,sanctsound_sb02_01_northatlanticrightwhale_1d,Fall,,,,,0,0,0,0,-1
2018-11-30,42.25541,-70.178607,0,Acoustic,SanctSound/NOAA daily product,sanctsound_sb03_01_northatlanticrightwhale_1d,Fall,,,,,0,0,0,0,-1
2018-11-30,42.436838,-70.546958,0,Acoustic,SanctSound/NOAA daily product,sanctsound_sb01_01_northatlanticrightwhale_1d,Fall,,,,,0,0,0,0,-1
2018-11-30,42.470793,-70.24294,0,Acoustic,SanctSound/NOAA daily product,sanctsound_sb02_01_northatlanticrightwhale_1d,Fall,,,,,0,0,0,0,-1
2018-12-01,42.25541,-70.178607,0,Acoustic,SanctSound/NOAA daily product,sanctsound_sb03_01_northatlanticrightwhale_1d,Winter,,,,,0,0,0,0,-1
2018-12-01,42.436838,-70.546958,0,Acoustic,SanctSound/NOAA daily product,sanctsound_sb01_01_northatlanticrightwhale_1d,Winter,,,,,0,0,0,0,-1
2018-12-01,42.470793,-70.24294,0,Acoustic,SanctSound/NOAA daily product,sanctsound_sb02_01_northatlanticrightwhale_1d,Winter,,,,,0,0,0,0,-1
2018-12-02,42.25541,-70.178607,0,Acoustic,SanctSound/NOAA daily product,sanctsound_sb03_01_northatlanticrightwhale_1d,Winter,,,,,0,0,0,0,-1
2018-12-02,42.436838,-70.546958,0,Acoustic,SanctSound/NOAA daily product,sanctsound_sb01_01_northatlanticrightwhale_1d,Winter,,,,,0,0,0,0,-1
2018-12-02,42.470793,-70.24294,0,Acoustic,SanctSound/NOAA daily product,sanctsound_sb02_01_northatlanticrightwhale_1d,Winter,,,,,0,0,0,0,-1
2018-12-03,42.25541,-70.178607,0,Acoustic,SanctSound/NOAA daily product,sanctsound_sb03_01_northatlanticrightwhale_1d,Winter,,,,,0,0,0,0,-1
2018-12-03,42.436838,-70.546958,0,Acoustic,SanctSound/NOAA daily product,sanctsound_sb01_01_northatlanticrightwhale_1d,Winter,,,,,0,0,0,0,-1
2018-12-03,42.470793,-70.24294,0,Acoustic,SanctSound/NOAA daily product,sanctsound_sb02_01_northatlanticrightwhale_1d,Winter,,,,,0,0,0,0,-1
2018-12-04,42.25541,-70.178607,1,Acoustic,SanctSound/NOAA daily product,sanctsound_sb03_01_northatlanticrightwhale_1d,Winter,,,,,0,0,0,0,-1
2018-12-04,42.436838,-70.546958,0,Acoustic,SanctSound/NOAA daily product,sanctsound_sb01_01_northatlanticrightwhale_1d,Winter,,,,,0,0,0,0,-1
2018-12-04,42.470793,-70.24294,0,Acoustic,SanctSound/NOAA daily product,sanctsound_sb02_01_northatlanticrightwhale_1d,Winter,,,,,0,0,0,0,-1
2018-12-05,42.25541,-70.178607,1,Acoustic,SanctSound/NOAA daily product,sanctsound_sb03_01_northatlanticrightwhale_1d,Winter,,,,,0,0,0,0,-1
2018-12-05,42.436838,-70.546958,0,Acoustic,SanctSound/NOAA daily product,sanctsound_sb01_01_northatlanticrightwhale_1d,Winter,,,,,0,0,0,0,-1
2018-12-05,42.470793,-70.24294,0,Acoustic,SanctSound/NOAA daily product,sanctsound_sb02_01_northatlanticrightwhale_1d,Winter,,,,,0,0,0,0,-1
2018-12-06,42.25541,-70.178607,0,Acoustic,SanctSound/NOAA daily product,sanctsound_sb03_01_northatlanticrightwhale_1d,Winter,,,,,0,0,0,0,-1
2018-12-06,42.436838,-70.546958,0,Acoustic,SanctSound/NOAA daily product,sanctsound_sb01_01_northatlanticrightwhale_1d,Winter,,,,,0,0,0,0,-1
2018-12-06,42.470793,-70.24294,0,Acoustic,SanctSound/NOAA daily product,sanctsound_sb02_01_northatlanticrightwhale_1d,Winter,,,,,0,0,0,0,-1
2018-12-07,42.25541,-70.178607,1,Acoustic,SanctSound/NOAA daily product,sanctsound_sb03_01_northatlanticrightwhale_1d,Winter,,,,,0,0,0,0,-1
2018-12-07,42.436838,-70.546958,0,Acoustic,SanctSound/NOAA daily product,sanctsound_sb01_01_northatlanticrightwhale_1d,Winter,,,,,0,0,0,0,-1
2018-12-07,42.470793,-70.24294,1,Acoustic,SanctSound/NOAA daily product,sanctsound_sb02_01_northatlanticrightwhale_1d,Winter,,,,,0,0,0,0,-1
2018-12-08,42.25541,-70.178607,0,Acoustic,SanctSound/NOAA daily product,sanctsound_sb03_01_northatlanticrightwhale_1d,Winter,,,,,0,0,0,0,-1
2018-12-08,42.436838,-70.546958,0,Acoustic,SanctSound/NOAA daily product,sanctsound_sb01_01_northatlanticrightwhale_1d,Winter,,,,,0,0,0,0,-1
2018-12-08,42.470793,-70.24294,0,Acoustic,SanctSound/NOAA daily product,sanctsound_sb02_01_northatlanticrightwhale_1d,Winter,,,,,0,0,0,0,-1
2018-12-09,42.25541,-70.178607,0,Acoustic,SanctSound/NOAA daily product,sanctsound_sb03_01_northatlanticrightwhale_1d,Winter,,,,,0,0,0,0,-1
2018-12-09,42.436838,-70.546958,0,Acoustic,SanctSound/NOAA daily product,sanctsound_sb01_01_northatlanticrightwhale_1d,Winter,,,,,0,0,0,0,-1
2018-12-09,42.470793,-70.24294,0,Acoustic,SanctSound/NOAA daily product,sanctsound_sb02_01_northatlanticrightwhale_1d,Winter,,,,,0,0,0,0,-1
2018-12-10,42.25541,-70.178607,0,Acoustic,SanctSound/NOAA daily product,sanctsound_sb03_01_northatlanticrightwhale_1d,Winter,,,,,0,0,0,0,-1
2018-12-10,42.436838,-70.546958,0,Acoustic,SanctSound/NOAA daily product,sanctsound_sb01_01_northatlanticrightwhale_1d,Winter,,,,,0,0,0,0,-1
2018-12-10,42.470793,-70.24294,0,Acoustic,SanctSound/NOAA daily product,sanctsound_sb02_01_northatlanticrightwhale_1d,Winter,,,,,0,0,0,0,-1
2018-12-11,42.25541,-70.178607,0,Acoustic,SanctSound/NOAA daily product,sanctsound_sb03_01_northatlanticrightwhale_1d,Winter,,,,,0,0,0,0,-1
2018-12-11,42.436838,-70.546958,0,Acoustic,SanctSound/NOAA daily product,sanctsound_sb01_01_northatlanticrightwhale_1d,Winter,,,,,0,0,0,0,-1
2018-12-11,42.470793,-70.24294,0,Acoustic,SanctSound/NOAA daily product,sanctsound_sb02_01_northatlanticrightwhale_1d,Winter,,,,,0,0,0,0,-1
2018-12-12,42.25541,-70.178607,0,Acoustic,SanctSound/NOAA daily product,sanctsound_sb03_01_northatlanticrightwhale_1d,Winter,,,,,0,0,0,0,-1
2018-12-12,42.436838,-70.546958,0,Acoustic,SanctSound/NOAA daily product,sanctsound_sb01_01_northatlanticrightwhale_1d,Winter,,,,,0,0,0,0,-1
2018-12-12,42.470793,-70.24294,0,Acoustic,SanctSound/NOAA daily product,sanctsound_sb02_01_northatlanticrightwhale_1d,Winter,,,,,0,0,0,0,-1
2018-12-13,31.396417,-80.8904,0,Acoustic,SanctSound/NOAA daily product,sanctsound_gr01_01_northatlanticrightwhale_1d,Winter,,,,,0,0,0,0,-1
2018-12-13,42.25541,-70.178607,0,Acoustic,SanctSound/NOAA daily product,sanctsound_sb03_01_northatlanticrightwhale_1d,Winter,,,,,0,0,0,0,-1
2018-12-13,42.436838,-70.546958,0,Acoustic,SanctSound/NOAA daily product,sanctsound_sb01_01_northatlanticrightwhale_1d,Winter,,,,,0,0,0,0,-1
2018-12-13,42.470793,-70.24294,0,Acoustic,SanctSound/NOAA daily product,sanctsound_sb02_01_northatlanticrightwhale_1d,Winter,,,,,0,0,0,0,-1
2018-12-14,31.396417,-80.8904,0,Acoustic,SanctSound/NOAA daily product,sanctsound_gr01_01_northatlanticrightwhale_1d,Winter,,,,,0,0,0,0,-1
2018-12-14,42.25541,-70.178607,0,Acoustic,SanctSound/NOAA daily product,sanctsound_sb03_01_northatlanticrightwhale_1d,Winter,,,,,0,0,0,0,-1
2018-12-14,42.436838,-70.546958,0,Acoustic,SanctSound/NOAA daily product,sanctsound_sb01_01_northatlanticrightwhale_1d,Winter,,,,,0,0,0,0,-1
2018-12-14,42.470793,-70.24294,0,Acoustic,SanctSound/NOAA daily product,sanctsound_sb02_01_northatlanticrightwhale_1d,Winter,,,,,0,0,0,0,-1
2018-12-15,31.396417,-80.8904,0,Acoustic,SanctSound/NOAA daily product,sanctsound_gr01_01_northatlanticrightwhale_1d,Winter,,,,,0,0,0,0,-1
2018-12-15,42.25541,-70.178607,0,Acoustic,SanctSound/NOAA daily product,sanctsound_sb03_01_northatlanticrightwhale_1d,Winter,,,,,0,0,0,0,-1
2018-12-15,42.436838,-70.546958,0,Acoustic,SanctSound/NOAA daily product,sanctsound_sb01_01_northatlanticrightwhale_1d,Winter,,,,,0,0,0,0,-1
2018-12-15,42.470793,-70.24294,0,Acoustic,SanctSound/NOAA daily product,sanctsound_sb02_01_northatlanticrightwhale_1d,Winter,,,,,0,0,0,0,-1
2018-12-16,31.396417,-80.8904,1,Acoustic,SanctSound/NOAA daily product,sanctsound_gr01_01_northatlanticrightwhale_1d,Winter,,,,,0,0,0,0,-1
2018-12-16,42.25541,-70.178607,0,Acoustic,SanctSound/NOAA daily product,sanctsound_sb03_01_northatlanticrightwhale_1d,Winter,,,,,0,0,0,0,-1
2018-12-16,42.436838,-70.546958,0,Acoustic,SanctSound/NOAA daily product,sanctsound_sb01_01_northatlanticrightwhale_1d,Winter,,,,,0,0,0,0,-1
2018-12-16,42.470793,-70.24294,0,Acoustic,SanctSound/NOAA daily product,sanctsound_sb02_01_northatlanticrightwhale_1d,Winter,,,,,0,0,0,0,-1
2018-12-17,31.396417,-80.8904,0,Acoustic,SanctSound/NOAA daily product,sanctsound_gr01_01_northatlanticrightwhale_1d,Winter,,,,,0,0,0,0,-1
2018-12-17,42.25541,-70.178607,0,Acoustic,SanctSound/NOAA daily product,sanctsound_sb03_01_northatlanticrightwhale_1d,Winter,,,,,0,0,0,0,-1
2018-12-17,42.436838,-70.546958,0,Acoustic,SanctSound/NOAA daily product,sanctsound_sb01_01_northatlanticrightwhale_1d,Winter,,,,,0,0,0,0,-1
2018-12-17,42.470793,-70.24294,0,Acoustic,SanctSound/NOAA daily product,sanctsound_sb02_01_northatlanticrightwhale_1d,Winter,,,,,0,0,0,0,-1
2018-12-18,24.43313,-81.93068,0,Acoustic,SanctSound/NOAA daily product,sanctsound_fk01_01_northatlanticrightwhale_1d,Winter,,,,,0,0,0,0,-1
2018-12-18,24.45895,-81.774133,0,Acoustic,SanctSound/NOAA daily product,sanctsound_fk03_01_northatlanticrightwhale_1d,Winter,,,,,0,0,0,0,-1
2018-12-18,24.4888,-81.666316,0,Acoustic,SanctSound/NOAA daily product,sanctsound_fk02_01_northatlanticrightwhale_1d,Winter,,,,,0,0,0,0,-1
2018-12-18,31.396417,-80.8904,0,Acoustic,SanctSound/NOAA daily product,sanctsound_gr01_01_northatlanticrightwhale_1d,Winter,,,,,0,0,0,0,-1
2018-12-18,42.25541,-70.178607,0,Acoustic,SanctSound/NOAA daily product,sanctsound_sb03_01_northatlanticrightwhale_1d,Winter,,,,,0,0,0,0,-1
2018-12-18,42.436838,-70.546958,0,Acoustic,SanctSound/NOAA daily product,sanctsound_sb01_01_northatlanticrightwhale_1d,Winter,,,,,0,0,0,0,-1
2018-12-18,42.470793,-70.24294,0,Acoustic,SanctSound/NOAA daily product,sanctsound_sb02_01_northatlanticrightwhale_1d,Winter,,,,,0,0,0,0,-1
2018-12-19,24.43313,-81.93068,0,Acoustic,SanctSound/NOAA daily product,sanctsound_fk01_01_northatlanticrightwhale_1d,Winter,,,,,0,0,0,0,-1
2018-12-19,24.45895,-81.774133,0,Acoustic,SanctSound/NOAA daily product,sanctsound_fk03_01_northatlanticrightwhale_1d,Winter,,,,,0,0,0,0,-1
2018-12-19,24.4888,-81.666316,0,Acoustic,SanctSound/NOAA daily product,sanctsound_fk02_01_northatlanticrightwhale_1d,Winter,,,,,0,0,0,0,-1
2018-12-19,31.396417,-80.8904,0,Acoustic,SanctSound/NOAA daily product,sanctsound_gr01_01_northatlanticrightwhale_1d,Winter,,,,,0,0,0,0,-1
2018-12-19,42.25541,-70.178607,0,Acoustic,SanctSound/NOAA daily product,sanctsound_sb03_01_northatlanticrightwhale_1d,Winter,,,,,0,0,0,0,-1
2018-12-19,42.436838,-70.546958,0,Acoustic,SanctSound/NOAA daily product,sanctsound_sb01_01_northatlanticrightwhale_1d,Winter,,,,,0,0,0,0,-1
2018-12-19,42.470793,-70.24294,0,Acoustic,SanctSound/NOAA daily product,sanctsound_sb02_01_northatlanticrightwhale_1d,Winter,,,,,0,0,0,0,-1
2018-12-20,24.43313,-81.93068,0,Acoustic,SanctSound/NOAA daily product,sanctsound_fk01_01_northatlanticrightwhale_1d,Winter,,,,,0,0,0,0,-1
2018-12-20,24.45895,-81.774133,0,Acoustic,SanctSound/NOAA daily product,sanctsound_fk03_01_northatlanticrightwhale_1d,Winter,,,,,0,0,0,0,-1
2018-12-20,24.4888,-81.666316,0,Acoustic,SanctSound/NOAA daily product,sanctsound_fk02_01_northatlanticrightwhale_1d,Winter,,,,,0,0,0,0,-1
2018-12-20,31.396417,-80.8904,0,Acoustic,SanctSound/NOAA daily product,sanctsound_gr01_01_northatlanticrightwhale_1d,Winter,,,,,0,0,0,0,-1
2018-12-20,42.25541,-70.178607,0,Acoustic,SanctSound/NOAA daily product,sanctsound_sb03_01_northatlanticrightwhale_1d,Winter,,,,,0,0,0,0,-1
2018-12-20,42.436838,-70.546958,0,Acoustic,SanctSound/NOAA daily product,sanctsound_sb01_01_northatlanticrightwhale_1d,Winter,,,,,0,0,0,0,-1
2018-12-20,42.470793,-70.24294,0,Acoustic,SanctSound/NOAA daily product,sanctsound_sb02_01_northatlanticrightwhale_1d,Winter,,,,,0,0,0,0,-1
2018-12-21,24.43313,-81.93068,0,Acoustic,SanctSound/NOAA daily product,sanctsound_fk01_01_northatlanticrightwhale_1d,Winter,,,,,0,0,0,0,-1
2018-12-21,24.45895,-81.774133,0,Acoustic,SanctSound/NOAA daily product,sanctsound_fk03_01_northatlanticrightwhale_1d,Winter,,,,,0,0,0,0,-1
2018-12-21,24.4888,-81.666316,0,Acoustic,SanctSound/NOAA daily product,sanctsound_fk02_01_northatlanticrightwhale_1d,Winter,,,,,0,0,0,0,-1
2018-12-21,31.396417,-80.8904,0,Acoustic,SanctSound/NOAA daily product,sanctsound_gr01_01_northatlanticrightwhale_1d,Winter,,,,,0,0,0,0,-1
2018-12-21,42.25541,-70.178607,0,Acoustic,SanctSound/NOAA daily product,sanctsound_sb03_01_northatlanticrightwhale_1d,Winter,,,,,0,0,0,0,-1
2018-12-21,42.436838,-70.546958,0,Acoustic,SanctSound/NOAA daily product,sanctsound_sb01_01_northatlanticrightwhale_1d,Winter,,,,,0,0,0,0,-1
2018-12-21,42.470793,-70.24294,0,Acoustic,SanctSound/NOAA daily product,sanctsound_sb02_01_northatlanticrightwhale_1d,Winter,,,,,0,0,0,0,-1
2018-12-22,24.43313,-81.93068,0,Acoustic,SanctSound/NOAA daily product,sanctsound_fk01_01_northatlanticrightwhale_1d,Winter,,,,,0,0,0,0,-1
2018-12-22,24.45895,-81.774133,0,Acoustic,SanctSound/NOAA daily product,sanctsound_fk03_01_northatlanticrightwhale_1d,Winter,,,,,0,0,0,0,-1
2018-12-22,24.4888,-81.666316,0,Acoustic,SanctSound/NOAA daily product,sanctsound_fk02_01_northatlanticrightwhale_1d,Winter,,,,,0,0,0,0,-1
2018-12-22,31.396417,-80.8904,0,Acoustic,SanctSound/NOAA daily product,sanctsound_gr01_01_northatlanticrightwhale_1d,Winter,,,,,0,0,0,0,-1
2018-12-22,42.25541,-70.178607,0,Acoustic,SanctSound/NOAA daily product,sanctsound_sb03_01_northatlanticrightwhale_1d,Winter,,,,,0,0,0,0,-1
2018-12-22,42.436838,-70.546958,0,Acoustic,SanctSound/NOAA daily product,sanctsound_sb01_01_northatlanticrightwhale_1d,Winter,,,,,0,0,0,0,-1
2018-12-22,42.470793,-70.24294,0,Acoustic,SanctSound/NOAA daily product,sanctsound_sb02_01_northatlanticrightwhale_1d,Winter,,,,,0,0,0,0,-1
2018-12-23,24.43313,-81.93068,0,Acoustic,SanctSound/NOAA daily product,sanctsound_fk01_01_northatlanticrightwhale_1d,Winter,,,,,0,0,0,0,-1
2018-12-23,24.45895,-81.774133,0,Acoustic,SanctSound/NOAA daily product,sanctsound_fk03_01_northatlanticrightwhale_1d,Winter,,,,,0,0,0,0,-1
2018-12-23,24.4888,-81.666316,0,Acoustic,SanctSound/NOAA daily product,sanctsound_fk02_01_northatlanticrightwhale_1d,Winter,,,,,0,0,0,0,-1
2018-12-23,31.396417,-80.8904,0,Acoustic,SanctSound/NOAA daily product,sanctsound_gr01_01_northatlanticrightwhale_1d,Winter,,,,,0,0,0,0,-1
2018-12-23,42.25541,-70.178607,0,Acoustic,SanctSound/NOAA daily product,sanctsound_sb03_01_northatlanticrightwhale_1d,Winter,,,,,0,0,0,0,-1
2018-12-23,42.436838,-70.546958,0,Acoustic,SanctSound/NOAA daily product,sanctsound_sb01_01_northatlanticrightwhale_1d,Winter,,,,,0,0,0,0,-1
2018-12-23,42.470793,-70.24294,0,Acoustic,SanctSound/NOAA daily product,sanctsound_sb02_01_northatlanticrightwhale_1d,Winter,,,,,0,0,0,0,-1
2018-12-24,24.43313,-81.93068,0,Acoustic,SanctSound/NOAA daily product,sanctsound_fk01_01_northatlanticrightwhale_1d,Winter,,,,,0,0,0,0,-1
2018-12-24,24.45895,-81.774133,0,Acoustic,SanctSound/NOAA daily product,sanctsound_fk03_01_northatlanticrightwhale_1d,Winter,,,,,0,0,0,0,-1
2018-12-24,24.4888,-81.666316,0,Acoustic,SanctSound/NOAA daily product,sanctsound_fk02_01_northatlanticrightwhale_1d,Winter,,,,,0,0,0,0,-1
2018-12-24,31.396417,-80.8904,0,Acoustic,SanctSound/NOAA daily product,sanctsound_gr01_01_northatlanticrightwhale_1d,Winter,,,,,0,0,0,0,-1
2018-12-24,42.25541,-70.178607,0,Acoustic,SanctSound/NOAA daily product,sanctsound_sb03_01_northatlanticrightwhale_1d,Winter,,,,,0,0,0,0,-1
2018-12-24,42.436838,-70.546958,0,Acoustic,SanctSound/NOAA daily product,sanctsound_sb01_01_northatlanticrightwhale_1d,Winter,,,,,0,0,0,0,-1
2018-12-24,42.470793,-70.24294,0,Acoustic,SanctSound/NOAA daily product,sanctsound_sb02_01_northatlanticrightwhale_1d,Winter,,,,,0,0,0,0,-1
2018-12-25,24.43313,-81.93068,0,Acoustic,SanctSound/NOAA daily product,sanctsound_fk01_01_northatlanticrightwhale_1d,Winter,,,,,0,0,0,0,-1
2018-12-25,24.45895,-81.774133,0,Acoustic,SanctSound/NOAA daily product,sanctsound_fk03_01_northatlanticrightwhale_1d,Winter,,,,,0,0,0,0,-1
2018-12-25,24.4888,-81.666316,0,Acoustic,SanctSound/NOAA daily product,sanctsound_fk02_01_northatlanticrightwhale_1d,Winter,,,,,0,0,0,0,-1
2018-12-25,31.396417,-80.8904,0,Acoustic,SanctSound/NOAA daily product,sanctsound_gr01_01_northatlanticrightwhale_1d,Winter,,,,,0,0,0,0,-1
2018-12-25,42.25541,-70.178607,0,Acoustic,SanctSound/NOAA daily product,sanctsound_sb03_01_northatlanticrightwhale_1d,Winter,,,,,0,0,0,0,-1
2018-12-25,42.436838,-70.546958,0,Acoustic,SanctSound/NOAA daily product,sanctsound_sb01_01_northatlanticrightwhale_1d,Winter,,,,,0,0,0,0,-1
2018-12-25,42.470793,-70.24294,0,Acoustic,SanctSound/NOAA daily product,sanctsound_sb02_01_northatlanticrightwhale_1d,Winter,,,,,0,0,0,0,-1
2018-12-26,24.43313,-81.93068,0,Acoustic,SanctSound/NOAA daily product,sanctsound_fk01_01_northatlanticrightwhale_1d,Winter,,,,,0,0,0,0,-1
2018-12-26,24.45895,-81.774133,0,Acoustic,SanctSound/NOAA daily product,sanctsound_fk03_01_northatlanticrightwhale_1d,Winter,,,,,0,0,0,0,-1
2018-12-26,24.4888,-81.666316,0,Acoustic,SanctSound/NOAA daily product,sanctsound_fk02_01_northatlanticrightwhale_1d,Winter,,,,,0,0,0,0,-1
2018-12-26,31.396417,-80.8904,0,Acoustic,SanctSound/NOAA daily product,sanctsound_gr01_01_northatlanticrightwhale_1d,Winter,,,,,0,0,0,0,-1
2018-12-26,42.25541,-70.178607,0,Acoustic,SanctSound/NOAA daily product,sanctsound_sb03_01_northatlanticrightwhale_1d,Winter,,,,,0,0,0,0,-1
2018-12-26,42.436838,-70.546958,0,Acoustic,SanctSound/NOAA daily product,sanctsound_sb01_01_northatlanticrightwhale_1d,Winter,,,,,0,0,0,0,-1
2018-12-26,42.470793,-70.24294,0,Acoustic,SanctSound/NOAA daily product,sanctsound_sb02_01_northatlanticrightwhale_1d,Winter,,,,,0,0,0,0,-1
2018-12-27,24.43313,-81.93068,0,Acoustic,SanctSound/NOAA daily product,sanctsound_fk01_01_northatlanticrightwhale_1d,Winter,,,,,0,0,0,0,-1
2018-12-27,24.45895,-81.774133,0,Acoustic,SanctSound/NOAA daily product,sanctsound_fk03_01_northatlanticrightwhale_1d,Winter,,,,,0,0,0,0,-1
2018-12-27,24.4888,-81.666316,0,Acoustic,SanctSound/NOAA daily product,sanctsound_fk02_01_northatlanticrightwhale_1d,Winter,,,,,0,0,0,0,-1
2018-12-27,31.396417,-80.8904,1,Acoustic,SanctSound/NOAA daily product,sanctsound_gr01_01_northatlanticrightwhale_1d,Winter,,,,,0,0,0,0,-1
2018-12-27,42.25541,-70.178607,1,Acoustic,SanctSound/NOAA daily product,sanctsound_sb03_01_northatlanticrightwhale_1d,Winter,,,,,0,0,0,0,-1
2018-12-27,42.436838,-70.546958,0,Acoustic,SanctSound/NOAA daily product,sanctsound_sb01_01_northatlanticrightwhale_1d,Winter,,,,,0,0,0,0,-1
2018-12-27,42.470793,-70.24294,0,Acoustic,SanctSound/NOAA daily product,sanctsound_sb02_01_northatlanticrightwhale_1d,Winter,,,,,0,0,0,0,-1
2018-12-28,24.43313,-81.93068,0,Acoustic,SanctSound/NOAA daily product,sanctsound_fk01_01_northatlanticrightwhale_1d,Winter,,,,,0,0,0,0,-1
2018-12-28,24.45895,-81.774133,0,Acoustic,SanctSound/NOAA daily product,sanctsound_fk03_01_northatlanticrightwhale_1d,Winter,,,,,0,0,0,0,-1
2018-12-28,24.4888,-81.666316,0,Acoustic,SanctSound/NOAA daily product,sanctsound_fk02_01_northatlanticrightwhale_1d,Winter,,,,,0,0,0,0,-1
2018-12-28,31.396417,-80.8904,0,Acoustic,SanctSound/NOAA daily product,sanctsound_gr01_01_northatlanticrightwhale_1d,Winter,,,,,0,0,0,0,-1
2018-12-28,42.25541,-70.178607,0,Acoustic,SanctSound/NOAA daily product,sanctsound_sb03_01_northatlanticrightwhale_1d,Winter,,,,,0,0,0,0,-1
2018-12-28,42.436838,-70.546958,0,Acoustic,SanctSound/NOAA daily product,sanctsound_sb01_01_northatlanticrightwhale_1d,Winter,,,,,0,0,0,0,-1
2018-12-28,42.470793,-70.24294,0,Acoustic,SanctSound/NOAA daily product,sanctsound_sb02_01_northatlanticrightwhale_1d,Winter,,,,,0,0,0,0,-1
2018-12-29,24.43313,-81.93068,0,Acoustic,SanctSound/NOAA daily product,sanctsound_fk01_01_northatlanticrightwhale_1d,Winter,,,,,0,0,0,0,-1
2018-12-29,24.45895,-81.774133,0,Acoustic,SanctSound/NOAA daily product,sanctsound_fk03_01_northatlanticrightwhale_1d,Winter,,,,,0,0,0,0,-1
2018-12-29,24.4888,-81.666316,0,Acoustic,SanctSound/NOAA daily product,sanctsound_fk02_01_northatlanticrightwhale_1d,Winter,,,,,0,0,0,0,-1
2018-12-29,31.396417,-80.8904,0,Acoustic,SanctSound/NOAA daily product,sanctsound_gr01_01_northatlanticrightwhale_1d,Winter,,,,,0,0,0,0,-1
2018-12-29,42.25541,-70.178607,0,Acoustic,SanctSound/NOAA daily product,sanctsound_sb03_01_northatlanticrightwhale_1d,Winter,,,,,0,0,0,0,-1
2018-12-29,42.436838,-70.546958,0,Acoustic,SanctSound/NOAA daily product,sanctsound_sb01_01_northatlanticrightwhale_1d,Winter,,,,,0,0,0,0,-1
2018-12-29,42.470793,-70.24294,0,Acoustic,SanctSound/NOAA daily product,sanctsound_sb02_01_northatlanticrightwhale_1d,Winter,,,,,0,0,0,0,-1
2018-12-30,24.43313,-81.93068,0,Acoustic,SanctSound/NOAA daily product,sanctsound_fk01_01_northatlanticrightwhale_1d,Winter,,,,,0,0,0,0,-1
2018-12-30,24.45895,-81.774133,0,Acoustic,SanctSound/NOAA daily product,sanctsound_fk03_01_northatlanticrightwhale_1d,Winter,,,,,0,0,0,0,-1
2018-12-30,24.4888,-81.666316,0,Acoustic,SanctSound/NOAA daily product,sanctsound_fk02_01_northatlanticrightwhale_1d,Winter,,,,,0,0,0,0,-1
2018-12-30,31.396417,-80.8904,0,Acoustic,SanctSound/NOAA daily product,sanctsound_gr01_01_northatlanticrightwhale_1d,Winter,,,,,0,0,0,0,-1
2018-12-30,42.25541,-70.178607,0,Acoustic,SanctSound/NOAA daily product,sanctsound_sb03_01_northatlanticrightwhale_1d,Winter,,,,,0,0,0,0,-1
2018-12-30,42.436838,-70.546958,0,Acoustic,SanctSound/NOAA daily product,sanctsound_sb01_01_northatlanticrightwhale_1d,Winter,,,,,0,0,0,0,-1
2018-12-30,42.470793,-70.24294,0,Acoustic,SanctSound/NOAA daily product,sanctsound_sb02_01_northatlanticrightwhale_1d,Winter,,,,,0,0,0,0,-1
2018-12-31,24.43313,-81.93068,0,Acoustic,SanctSound/NOAA daily product,sanctsound_fk01_01_northatlanticrightwhale_1d,Winter,,,,,0,0,0,0,-1
2018-12-31,24.45895,-81.774133,0,Acoustic,SanctSound/NOAA daily product,sanctsound_fk03_01_northatlanticrightwhale_1d,Winter,,,,,0,0,0,0,-1
2018-12-31,24.4888,-81.666316,0,Acoustic,SanctSound/NOAA daily product,sanctsound_fk02_01_northatlanticrightwhale_1d,Winter,,,,,0,0,0,0,-1
2018-12-31,31.396417,-80.8904,0,Acoustic,SanctSound/NOAA daily product,sanctsound_gr01_01_northatlanticrightwhale_1d,Winter,,,,,0,0,0,0,-1
2018-12-31,42.25541,-70.178607,0,Acoustic,SanctSound/NOAA daily product,sanctsound_sb03_01_northatlanticrightwhale_1d,Winter,,,,,0,0,0,0,-1
2018-12-31,42.436838,-70.546958,0,Acoustic,SanctSound/NOAA daily product,sanctsound_sb01_01_northatlanticrightwhale_1d,Winter,,,,,0,0,0,0,-1
2018-12-31,42.470793,-70.24294,0,Acoustic,SanctSound/NOAA daily product,sanctsound_sb02_01_northatlanticrightwhale_1d,Winter,,,,,0,0,0,0,-1
2019-01-01,24.43313,-81.93068,0,Acoustic,SanctSound/NOAA daily product,sanctsound_fk01_01_northatlanticrightwhale_1d,Winter,,,,,0,0,0,0,-1
2019-01-01,24.45895,-81.774133,0,Acoustic,SanctSound/NOAA daily product,sanctsound_fk03_01_northatlanticrightwhale_1d,Winter,,,,,0,0,0,0,-1
2019-01-01,24.4888,-81.666316,0,Acoustic,SanctSound/NOAA daily product,sanctsound_fk02_01_northatlanticrightwhale_1d,Winter,,,,,0,0,0,0,-1
2019-01-01,31.396417,-80.8904,0,Acoustic,SanctSound/NOAA daily product,sanctsound_gr01_01_northatlanticrightwhale_1d,Winter,,,,,0,0,0,0,-1
2019-01-01,42.25541,-70.178607,0,Acoustic,SanctSound/NOAA daily product,sanctsound_sb03_01_northatlanticrightwhale_1d,Winter,,,,,0,0,0,0,-1
2019-01-01,42.436838,-70.546958,0,Acoustic,SanctSound/NOAA daily product,sanctsound_sb01_01_northatlanticrightwhale_1d,Winter,,,,,0,0,0,0,-1
2019-01-01,42.470793,-70.24294,0,Acoustic,SanctSound/NOAA daily product,sanctsound_sb02_01_northatlanticrightwhale_1d,Winter,,,,,0,0,0,0,-1
2019-01-02,24.43313,-81.93068,0,Acoustic,SanctSound/NOAA daily product,sanctsound_fk01_01_northatlanticrightwhale_1d,Winter,,,,,0,0,0,0,-1
2019-01-02,24.45895,-81.774133,0,Acoustic,SanctSound/NOAA daily product,sanctsound_fk03_01_northatlanticrightwhale_1d,Winter,,,,,0,0,0,0,-1
2019-01-02,24.4888,-81.666316,0,Acoustic,SanctSound/NOAA daily product,sanctsound_fk02_01_northatlanticrightwhale_1d,Winter,,,,,0,0,0,0,-1
2019-01-02,31.396417,-80.8904,0,Acoustic,SanctSound/NOAA daily product,sanctsound_gr01_01_northatlanticrightwhale_1d,Winter,,,,,0,0,0,0,-1
2019-01-02,42.25541,-70.178607,0,Acoustic,SanctSound/NOAA daily product,sanctsound_sb03_01_northatlanticrightwhale_1d,Winter,,,,,0,0,0,0,-1
2019-01-02,42.436838,-70.546958,0,Acoustic,SanctSound/NOAA daily product,sanctsound_sb01_01_northatlanticrightwhale_1d,Winter,,,,,0,0,0,0,-1
2019-01-02,42.470793,-70.24294,0,Acoustic,SanctSound/NOAA daily product,sanctsound_sb02_01_northatlanticrightwhale_1d,Winter,,,,,0,0,0,0,-1
2019-01-03,24.43313,-81.93068,0,Acoustic,SanctSound/NOAA daily product,sanctsound_fk01_01_northatlanticrightwhale_1d,Winter,,,,,0,0,0,0,-1
2019-01-03,24.45895,-81.774133,0,Acoustic,SanctSound/NOAA daily product,sanctsound_fk03_01_northatlanticrightwhale_1d,Winter,,,,,0,0,0,0,-1
2019-01-03,24.4888,-81.666316,0,Acoustic,SanctSound/NOAA daily product,sanctsound_fk02_01_northatlanticrightwhale_1d,Winter,,,,,0,0,0,0,-1
2019-01-03,31.396417,-80.8904,0,Acoustic,SanctSound/NOAA daily product,sanctsound_gr01_01_northatlanticrightwhale_1d,Winter,,,,,0,0,0,0,-1
2019-01-03,42.25541,-70.178607,0,Acoustic,SanctSound/NOAA daily product,sanctsound_sb03_01_northatlanticrightwhale_1d,Winter,,,,,0,0,0,0,-1
2019-01-03,42.436838,-70.546958,0,Acoustic,SanctSound/NOAA daily product,sanctsound_sb01_01_northatlanticrightwhale_1d,Winter,,,,,0,0,0,0,-1
2019-01-03,42.470793,-70.24294,0,Acoustic,SanctSound/NOAA daily product,sanctsound_sb02_01_northatlanticrightwhale_1d,Winter,,,,,0,0,0,0,-1
2019-01-04,24.43313,-81.93068,0,Acoustic,SanctSound/NOAA daily product,sanctsound_fk01_01_northatlanticrightwhale_1d,Winter,,,,,0,0,0,0,-1
2019-01-04,24.45895,-81.774133,0,Acoustic,SanctSound/NOAA daily product,sanctsound_fk03_01_northatlanticrightwhale_1d,Winter,,,,,0,0,0,0,-1
2019-01-04,24.4888,-81.666316,0,Acoustic,SanctSound/NOAA daily product,sanctsound_fk02_01_northatlanticrightwhale_1d,Winter,,,,,0,0,0,0,-1
2019-01-04,31.396417,-80.8904,0,Acoustic,SanctSound/NOAA daily product,sanctsound_gr01_01_northatlanticrightwhale_1d,Winter,,,,,0,0,0,0,-1
2019-01-04,42.25541,-70.178607,0,Acoustic,SanctSound/NOAA daily product,sanctsound_sb03_01_northatlanticrightwhale_1d,Winter,,,,,0,0,0,0,-1
2019-01-04,42.436838,-70.546958,0,Acoustic,SanctSound/NOAA daily product,sanctsound_sb01_01_northatlanticrightwhale_1d,Winter,,,,,0,0,0,0,-1
2019-01-04,42.470793,-70.24294,0,Acoustic,SanctSound/NOAA daily product,sanctsound_sb02_01_northatlanticrightwhale_1d,Winter,,,,,0,0,0,0,-1
2019-01-05,24.43313,-81.93068,0,Acoustic,SanctSound/NOAA daily product,sanctsound_fk01_01_northatlanticrightwhale_1d,Winter,,,,,0,0,0,0,-1
2019-01-05,24.45895,-81.774133,0,Acoustic,SanctSound/NOAA daily product,sanctsound_fk03_01_northatlanticrightwhale_1d,Winter,,,,,0,0,0,0,-1
2019-01-05,24.4888,-81.666316,0,Acoustic,SanctSound/NOAA daily product,sanctsound_fk02_01_northatlanticrightwhale_1d,Winter,,,,,0,0,0,0,-1
2019-01-05,31.396417,-80.8904,0,Acoustic,SanctSound/NOAA daily product,sanctsound_gr01_01_northatlanticrightwhale_1d,Winter,,,,,0,0,0,0,-1
2019-01-05,42.25541,-70.178607,0,Acoustic,SanctSound/NOAA daily product,sanctsound_sb03_01_northatlanticrightwhale_1d,Winter,,,,,0,0,0,0,-1
2019-01-05,42.436838,-70.546958,0,Acoustic,SanctSound/NOAA daily product,sanctsound_sb01_01_northatlanticrightwhale_1d,Winter,,,,,0,0,0,0,-1
2019-01-05,42.470793,-70.24294,0,Acoustic,SanctSound/NOAA daily product,sanctsound_sb02_01_northatlanticrightwhale_1d,Winter,,,,,0,0,0,0,-1
2019-01-06,24.43313,-81.93068,0,Acoustic,SanctSound/NOAA daily product,sanctsound_fk01_01_northatlanticrightwhale_1d,Winter,,,,,0,0,0,0,-1
2019-01-06,24.45895,-81.774133,0,Acoustic,SanctSound/NOAA daily product,sanctsound_fk03_01_northatlanticrightwhale_1d,Winter,,,,,0,0,0,0,-1
2019-01-06,24.4888,-81.666316,0,Acoustic,SanctSound/NOAA daily product,sanctsound_fk02_01_northatlanticrightwhale_1d,Winter,,,,,0,0,0,0,-1
2019-01-06,31.396417,-80.8904,0,Acoustic,SanctSound/NOAA daily product,sanctsound_gr01_01_northatlanticrightwhale_1d,Winter,,,,,0,0,0,0,-1
2019-01-06,42.25541,-70.178607,0,Acoustic,SanctSound/NOAA daily product,sanctsound_sb03_01_northatlanticrightwhale_1d,Winter,,,,,0,0,0,0,-1
2019-01-06,42.436838,-70.546958,0,Acoustic,SanctSound/NOAA daily product,sanctsound_sb01_01_northatlanticrightwhale_1d,Winter,,,,,0,0,0,0,-1
2019-01-06,42.470793,-70.24294,0,Acoustic,SanctSound/NOAA daily product,sanctsound_sb02_01_northatlanticrightwhale_1d,Winter,,,,,0,0,0,0,-1
2019-01-07,24.43313,-81.93068,0,Acoustic,SanctSound/NOAA daily product,sanctsound_fk01_01_northatlanticrightwhale_1d,Winter,,,,,0,0,0,0,-1
2019-01-07,24.45895,-81.774133,0,Acoustic,SanctSound/NOAA daily product,sanctsound_fk03_01_northatlanticrightwhale_1d,Winter,,,,,0,0,0,0,-1
2019-01-07,24.4888,-81.666316,0,Acoustic,SanctSound/NOAA daily product,sanctsound_fk02_01_northatlanticrightwhale_1d,Winter,,,,,0,0,0,0,-1
2019-01-07,31.396417,-80.8904,0,Acoustic,SanctSound/NOAA daily product,sanctsound_gr01_01_northatlanticrightwhale_1d,Winter,,,,,0,0,0,0,-1
2019-01-07,42.25541,-70.178607,0,Acoustic,SanctSound/NOAA daily product,sanctsound_sb03_01_northatlanticrightwhale_1d,Winter,,,,,0,0,0,0,-1
2019-01-07,42.436838,-70.546958,0,Acoustic,SanctSound/NOAA daily product,sanctsound_sb01_01_northatlanticrightwhale_1d,Winter,,,,,0,0,0,0,-1
2019-01-07,42.470793,-70.24294,0,Acoustic,SanctSound/NOAA daily product,sanctsound_sb02_01_northatlanticrightwhale_1d,Winter,,,,,0,0,0,0,-1
2019-01-08,24.43313,-81.93068,0,Acoustic,SanctSound/NOAA daily product,sanctsound_fk01_01_northatlanticrightwhale_1d,Winter,,,,,0,0,0,0,-1
2019-01-08,24.45895,-81.774133,0,Acoustic,SanctSound/NOAA daily product,sanctsound_fk03_01_northatlanticrightwhale_1d,Winter,,,,,0,0,0,0,-1
2019-01-08,24.4888,-81.666316,0,Acoustic,SanctSound/NOAA daily product,sanctsound_fk02_01_northatlanticrightwhale_1d,Winter,,,,,0,0,0,0,-1
2019-01-08,31.396417,-80.8904,0,Acoustic,SanctSound/NOAA daily product,sanctsound_gr01_01_northatlanticrightwhale_1d,Winter,,,,,0,0,0,0,-1
2019-01-08,42.25541,-70.178607,0,Acoustic,SanctSound/NOAA daily product,sanctsound_sb03_01_northatlanticrightwhale_1d,Winter,,,,,0,0,0,0,-1
2019-01-08,42.436838,-70.546958,0,Acoustic,SanctSound/NOAA daily product,sanctsound_sb01_01_northatlanticrightwhale_1d,Winter,,,,,0,0,0,0,-1
2019-01-08,42.470793,-70.24294,0,Acoustic,SanctSound/NOAA daily product,sanctsound_sb02_01_northatlanticrightwhale_1d,Winter,,,,,0,0,0,0,-1
2019-01-09,24.43313,-81.93068,0,Acoustic,SanctSound/NOAA daily product,sanctsound_fk01_01_northatlanticrightwhale_1d,Winter,,,,,0,0,0,0,-1
2019-01-09,24.45895,-81.774133,0,Acoustic,SanctSound/NOAA daily product,sanctsound_fk03_01_northatlanticrightwhale_1d,Winter,,,,,0,0,0,0,-1
2019-01-09,24.4888,-81.666316,0,Acoustic,SanctSound/NOAA daily product,sanctsound_fk02_01_northatlanticrightwhale_1d,Winter,,,,,0,0,0,0,-1
2019-01-09,31.396417,-80.8904,0,Acoustic,SanctSound/NOAA daily product,sanctsound_gr01_01_northatlanticrightwhale_1d,Winter,,,,,0,0,0,0,-1
2019-01-09,42.25541,-70.178607,0,Acoustic,SanctSound/NOAA daily product,sanctsound_sb03_01_northatlanticrightwhale_1d,Winter,,,,,0,0,0,0,-1
2019-01-09,42.436838,-70.546958,0,Acoustic,SanctSound/NOAA daily product,sanctsound_sb01_01_northatlanticrightwhale_1d,Winter,,,,,0,0,0,0,-1
2019-01-09,42.470793,-70.24294,0,Acoustic,SanctSound/NOAA daily product,sanctsound_sb02_01_northatlanticrightwhale_1d,Winter,,,,,0,0,0,0,-1
2019-01-10,24.43313,-81.93068,0,Acoustic,SanctSound/NOAA daily product,sanctsound_fk01_01_northatlanticrightwhale_1d,Winter,,,,,0,0,0,0,-1
2019-01-10,24.45895,-81.774133,0,Acoustic,SanctSound/NOAA daily product,sanctsound_fk03_01_northatlanticrightwhale_1d,Winter,,,,,0,0,0,0,-1
2019-01-10,24.4888,-81.666316,0,Acoustic,SanctSound/NOAA daily product,sanctsound_fk02_01_northatlanticrightwhale_1d,Winter,,,,,0,0,0,0,-1
2019-01-10,31.396417,-80.8904,0,Acoustic,SanctSound/NOAA daily product,sanctsound_gr01_01_northatlanticrightwhale_1d,Winter,,,,,0,0,0,0,-1
2019-01-10,42.25541,-70.178607,0,Acoustic,SanctSound/NOAA daily product,sanctsound_sb03_01_northatlanticrightwhale_1d,Winter,,,,,0,0,0,0,-1
2019-01-10,42.436838,-70.546958,0,Acoustic,SanctSound/NOAA daily product,sanctsound_sb01_01_northatlanticrightwhale_1d,Winter,,,,,0,0,0,0,-1
2019-01-10,42.470793,-70.24294,0,Acoustic,SanctSound/NOAA daily product,sanctsound_sb02_01_northatlanticrightwhale_1d,Winter,,,,,0,0,0,0,-1
2019-01-11,24.43313,-81.93068,0,Acoustic,SanctSound/NOAA daily product,sanctsound_fk01_01_northatlanticrightwhale_1d,Winter,,,,,0,0,0,0,-1
2019-01-11,24.45895,-81.774133,0,Acoustic,SanctSound/NOAA daily product,sanctsound_fk03_01_northatlanticrightwhale_1d,Winter,,,,,0,0,0,0,-1
2019-01-11,24.4888,-81.666316,0,Acoustic,SanctSound/NOAA daily product,sanctsound_fk02_01_northatlanticrightwhale_1d,Winter,,,,,0,0,0,0,-1
2019-01-11,31.396417,-80.8904,0,Acoustic,SanctSound/NOAA daily product,sanctsound_gr01_01_northatlanticrightwhale_1d,Winter,,,,,0,0,0,0,-1
2019-01-11,42.25541,-70.178607,0,Acoustic,SanctSound/NOAA daily product,sanctsound_sb03_01_northatlanticrightwhale_1d,Winter,,,,,0,0,0,0,-1
2019-01-11,42.436838,-70.546958,0,Acoustic,SanctSound/NOAA daily product,sanctsound_sb01_01_northatlanticrightwhale_1d,Winter,,,,,0,0,0,0,-1
2019-01-11,42.470793,-70.24294,0,Acoustic,SanctSound/NOAA daily product,sanctsound_sb02_01_northatlanticrightwhale_1d,Winter,,,,,0,0,0,0,-1
2019-01-12,24.43313,-81.93068,0,Acoustic,SanctSound/NOAA daily product,sanctsound_fk01_01_northatlanticrightwhale_1d,Winter,,,,,0,0,0,0,-1
2019-01-12,24.45895,-81.774133,0,Acoustic,SanctSound/NOAA daily product,sanctsound_fk03_01_northatlanticrightwhale_1d,Winter,,,,,0,0,0,0,-1
2019-01-12,24.4888,-81.666316,0,Acoustic,SanctSound/NOAA daily product,sanctsound_fk02_01_northatlanticrightwhale_1d,Winter,,,,,0,0,0,0,-1
2019-01-12,31.396417,-80.8904,0,Acoustic,SanctSound/NOAA daily product,sanctsound_gr01_01_northatlanticrightwhale_1d,Winter,,,,,0,0,0,0,-1
2019-01-12,42.25541,-70.178607,0,Acoustic,SanctSound/NOAA daily product,sanctsound_sb03_01_northatlanticrightwhale_1d,Winter,,,,,0,0,0,0,-1
2019-01-12,42.436838,-70.546958,0,Acoustic,SanctSound/NOAA daily product,sanctsound_sb01_01_northatlanticrightwhale_1d,Winter,,,,,0,0,0,0,-1
2019-01-12,42.470793,-70.24294,0,Acoustic,SanctSound/NOAA daily product,sanctsound_sb02_01_northatlanticrightwhale_1d,Winter,,,,,0,0,0,0,-1
2019-01-13,24.43313,-81.93068,0,Acoustic,SanctSound/NOAA daily product,sanctsound_fk01_01_northatlanticrightwhale_1d,Winter,,,,,0,0,0,0,-1
2019-01-13,24.45895,-81.774133,0,Acoustic,SanctSound/NOAA daily product,sanctsound_fk03_01_northatlanticrightwhale_1d,Winter,,,,,0,0,0,0,-1
2019-01-13,24.4888,-81.666316,0,Acoustic,SanctSound/NOAA daily product,sanctsound_fk02_01_northatlanticrightwhale_1d,Winter,,,,,0,0,0,0,-1
2019-01-13,31.396417,-80.8904,0,Acoustic,SanctSound/NOAA daily product,sanctsound_gr01_01_northatlanticrightwhale_1d,Winter,,,,,0,0,0,0,-1
2019-01-13,42.25541,-70.178607,0,Acoustic,SanctSound/NOAA daily product,sanctsound_sb03_01_northatlanticrightwhale_1d,Winter,,,,,0,0,0,0,-1
2019-01-13,42.436838,-70.546958,0,Acoustic,SanctSound/NOAA daily product,sanctsound_sb01_01_northatlanticrightwhale_1d,Winter,,,,,0,0,0,0,-1
2019-01-13,42.470793,-70.24294,0,Acoustic,SanctSound/NOAA daily product,sanctsound_sb02_01_northatlanticrightwhale_1d,Winter,,,,,0,0,0,0,-1
2019-01-14,24.43313,-81.93068,0,Acoustic,SanctSound/NOAA daily product,sanctsound_fk01_01_northatlanticrightwhale_1d,Winter,,,,,0,0,0,0,-1
2019-01-14,24.45895,-81.774133,0,Acoustic,SanctSound/NOAA daily product,sanctsound_fk03_01_northatlanticrightwhale_1d,Winter,,,,,0,0,0,0,-1
2019-01-14,24.4888,-81.666316,0,Acoustic,SanctSound/NOAA daily product,sanctsound_fk02_01_northatlanticrightwhale_1d,Winter,,,,,0,0,0,0,-1
2019-01-14,31.396417,-80.8904,1,Acoustic,SanctSound/NOAA daily product,sanctsound_gr01_01_northatlanticrightwhale_1d,Winter,,,,,0,0,0,0,-1
2019-01-14,42.25541,-70.178607,0,Acoustic,SanctSound/NOAA daily product,sanctsound_sb03_01_northatlanticrightwhale_1d,Winter,,,,,0,0,0,0,-1
2019-01-14,42.436838,-70.546958,0,Acoustic,SanctSound/NOAA daily product,sanctsound_sb01_01_northatlanticrightwhale_1d,Winter,,,,,0,0,0,0,-1
2019-01-14,42.470793,-70.24294,0,Acoustic,SanctSound/NOAA daily product,sanctsound_sb02_01_northatlanticrightwhale_1d,Winter,,,,,0,0,0,0,-1
2019-01-15,24.43313,-81.93068,0,Acoustic,SanctSound/NOAA daily product,sanctsound_fk01_01_northatlanticrightwhale_1d,Winter,,,,,0,0,0,0,-1
2019-01-15,24.45895,-81.774133,0,Acoustic,SanctSound/NOAA daily product,sanctsound_fk03_01_northatlanticrightwhale_1d,Winter,,,,,0,0,0,0,-1
2019-01-15,24.4888,-81.666316,0,Acoustic,SanctSound/NOAA daily product,sanctsound_fk02_01_northatlanticrightwhale_1d,Winter,,,,,0,0,0,0,-1
2019-01-15,31.396417,-80.8904,0,Acoustic,SanctSound/NOAA daily product,sanctsound_gr01_01_northatlanticrightwhale_1d,Winter,,,,,0,0,0,0,-1
2019-01-15,42.25541,-70.178607,0,Acoustic,SanctSound/NOAA daily product,sanctsound_sb03_01_northatlanticrightwhale_1d,Winter,,,,,0,0,0,0,-1
2019-01-15,42.436838,-70.546958,0,Acoustic,SanctSound/NOAA daily product,sanctsound_sb01_01_northatlanticrightwhale_1d,Winter,,,,,0,0,0,0,-1
2019-01-15,42.470793,-70.24294,0,Acoustic,SanctSound/NOAA daily product,sanctsound_sb02_01_northatlanticrightwhale_1d,Winter,,,,,0,0,0,0,-1
2019-01-16,24.43313,-81.93068,0,Acoustic,SanctSound/NOAA daily product,sanctsound_fk01_01_northatlanticrightwhale_1d,Winter,,,,,0,0,0,0,-1
2019-01-16,24.45895,-81.774133,0,Acoustic,SanctSound/NOAA daily product,sanctsound_fk03_01_northatlanticrightwhale_1d,Winter,,,,,0,0,0,0,-1
2019-01-16,24.4888,-81.666316,0,Acoustic,SanctSound/NOAA daily product,sanctsound_fk02_01_northatlanticrightwhale_1d,Winter,,,,,0,0,0,0,-1
2019-01-16,31.396417,-80.8904,0,Acoustic,SanctSound/NOAA daily product,sanctsound_gr01_01_northatlanticrightwhale_1d,Winter,,,,,0,0,0,0,-1
2019-01-16,42.25541,-70.178607,0,Acoustic,SanctSound/NOAA daily product,sanctsound_sb03_01_northatlanticrightwhale_1d,Winter,,,,,0,0,0,0,-1
2019-01-16,42.436838,-70.546958,0,Acoustic,SanctSound/NOAA daily product,sanctsound_sb01_01_northatlanticrightwhale_1d,Winter,,,,,0,0,0,0,-1
2019-01-16,42.470793,-70.24294,0,Acoustic,SanctSound/NOAA daily product,sanctsound_sb02_01_northatlanticrightwhale_1d,Winter,,,,,0,0,0,0,-1
2019-01-17,24.43313,-81.93068,0,Acoustic,SanctSound/NOAA daily product,sanctsound_fk01_01_northatlanticrightwhale_1d,Winter,,,,,0,0,0,0,-1
2019-01-17,24.45895,-81.774133,0,Acoustic,SanctSound/NOAA daily product,sanctsound_fk03_01_northatlanticrightwhale_1d,Winter,,,,,0,0,0,0,-1
2019-01-17,24.4888,-81.666316,0,Acoustic,SanctSound/NOAA daily product,sanctsound_fk02_01_northatlanticrightwhale_1d,Winter,,,,,0,0,0,0,-1
2019-01-17,31.396417,-80.8904,0,Acoustic,SanctSound/NOAA daily product,sanctsound_gr01_01_northatlanticrightwhale_1d,Winter,,,,,0,0,0,0,-1
2019-01-17,42.25541,-70.178607,0,Acoustic,SanctSound/NOAA daily product,sanctsound_sb03_01_northatlanticrightwhale_1d,Winter,,,,,0,0,0,0,-1
2019-01-17,42.436838,-70.546958,0,Acoustic,SanctSound/NOAA daily product,sanctsound_sb01_01_northatlanticrightwhale_1d,Winter,,,,,0,0,0,0,-1
2019-01-17,42.470793,-70.24294,0,Acoustic,SanctSound/NOAA daily product,sanctsound_sb02_01_northatlanticrightwhale_1d,Winter,,,,,0,0,0,0,-1
2019-01-18,24.43313,-81.93068,0,Acoustic,SanctSound/NOAA daily product,sanctsound_fk01_01_northatlanticrightwhale_1d,Winter,,,,,0,0,0,0,-1
2019-01-18,24.45895,-81.774133,0,Acoustic,SanctSound/NOAA daily product,sanctsound_fk03_01_northatlanticrightwhale_1d,Winter,,,,,0,0,0,0,-1
2019-01-18,24.4888,-81.666316,0,Acoustic,SanctSound/NOAA daily product,sanctsound_fk02_01_northatlanticrightwhale_1d,Winter,,,,,0,0,0,0,-1
2019-01-18,31.396417,-80.8904,0,Acoustic,SanctSound/NOAA daily product,sanctsound_gr01_01_northatlanticrightwhale_1d,Winter,,,,,0,0,0,0,-1
2019-01-18,42.25541,-70.178607,0,Acoustic,SanctSound/NOAA daily product,sanctsound_sb03_01_northatlanticrightwhale_1d,Winter,,,,,0,0,0,0,-1
2019-01-18,42.436838,-70.546958,0,Acoustic,SanctSound/NOAA daily product,sanctsound_sb01_01_northatlanticrightwhale_1d,Winter,,,,,0,0,0,0,-1
2019-01-18,42.470793,-70.24294,0,Acoustic,SanctSound/NOAA daily product,sanctsound_sb02_01_northatlanticrightwhale_1d,Winter,,,,,0,0,0,0,-1
2019-01-19,24.43313,-81.93068,0,Acoustic,SanctSound/NOAA daily product,sanctsound_fk01_01_northatlanticrightwhale_1d,Winter,,,,,0,0,0,0,-1
2019-01-19,24.45895,-81.774133,0,Acoustic,SanctSound/NOAA daily product,sanctsound_fk03_01_northatlanticrightwhale_1d,Winter,,,,,0,0,0,0,-1
2019-01-19,24.4888,-81.666316,0,Acoustic,SanctSound/NOAA daily product,sanctsound_fk02_01_northatlanticrightwhale_1d,Winter,,,,,0,0,0,0,-1
2019-01-19,31.396417,-80.8904,0,Acoustic,SanctSound/NOAA daily product,sanctsound_gr01_01_northatlanticrightwhale_1d,Winter,,,,,0,0,0,0,-1
2019-01-19,42.25541,-70.178607,0,Acoustic,SanctSound/NOAA daily product,sanctsound_sb03_01_northatlanticrightwhale_1d,Winter,,,,,0,0,0,0,-1
2019-01-19,42.436838,-70.546958,0,Acoustic,SanctSound/NOAA daily product,sanctsound_sb01_01_northatlanticrightwhale_1d,Winter,,,,,0,0,0,0,-1
2019-01-19,42.470793,-70.24294,0,Acoustic,SanctSound/NOAA daily product,sanctsound_sb02_01_northatlanticrightwhale_1d,Winter,,,,,0,0,0,0,-1
2019-01-20,24.43313,-81.93068,0,Acoustic,SanctSound/NOAA daily product,sanctsound_fk01_01_northatlanticrightwhale_1d,Winter,,,,,0,0,0,0,-1
2019-01-20,24.45895,-81.774133,0,Acoustic,SanctSound/NOAA daily product,sanctsound_fk03_01_northatlanticrightwhale_1d,Winter,,,,,0,0,0,0,-1
2019-01-20,24.4888,-81.666316,0,Acoustic,SanctSound/NOAA daily product,sanctsound_fk02_01_northatlanticrightwhale_1d,Winter,,,,,0,0,0,0,-1
2019-01-20,31.396417,-80.8904,0,Acoustic,SanctSound/NOAA daily product,sanctsound_gr01_01_northatlanticrightwhale_1d,Winter,,,,,0,0,0,0,-1
2019-01-20,42.25541,-70.178607,0,Acoustic,SanctSound/NOAA daily product,sanctsound_sb03_01_northatlanticrightwhale_1d,Winter,,,,,0,0,0,0,-1
2019-01-20,42.436838,-70.546958,0,Acoustic,SanctSound/NOAA daily product,sanctsound_sb01_01_northatlanticrightwhale_1d,Winter,,,,,0,0,0,0,-1
2019-01-20,42.470793,-70.24294,0,Acoustic,SanctSound/NOAA daily product,sanctsound_sb02_01_northatlanticrightwhale_1d,Winter,,,,,0,0,0,0,-1
2019-01-21,24.43313,-81.93068,0,Acoustic,SanctSound/NOAA daily product,sanctsound_fk01_01_northatlanticrightwhale_1d,Winter,,,,,0,0,0,0,-1
2019-01-21,24.45895,-81.774133,0,Acoustic,SanctSound/NOAA daily product,sanctsound_fk03_01_northatlanticrightwhale_1d,Winter,,,,,0,0,0,0,-1
2019-01-21,24.4888,-81.666316,0,Acoustic,SanctSound/NOAA daily product,sanctsound_fk02_01_northatlanticrightwhale_1d,Winter,,,,,0,0,0,0,-1
2019-01-21,31.396417,-80.8904,0,Acoustic,SanctSound/NOAA daily product,sanctsound_gr01_01_northatlanticrightwhale_1d,Winter,,,,,0,0,0,0,-1
2019-01-21,42.25541,-70.178607,0,Acoustic,SanctSound/NOAA daily product,sanctsound_sb03_01_northatlanticrightwhale_1d,Winter,,,,,0,0,0,0,-1
2019-01-21,42.436838,-70.546958,0,Acoustic,SanctSound/NOAA daily product,sanctsound_sb01_01_northatlanticrightwhale_1d,Winter,,,,,0,0,0,0,-1
2019-01-21,42.470793,-70.24294,0,Acoustic,SanctSound/NOAA daily product,sanctsound_sb02_01_northatlanticrightwhale_1d,Winter,,,,,0,0,0,0,-1
2019-01-22,24.43313,-81.93068,0,Acoustic,SanctSound/NOAA daily product,sanctsound_fk01_01_northatlanticrightwhale_1d,Winter,,,,,0,0,0,0,-1
2019-01-22,24.45895,-81.774133,0,Acoustic,SanctSound/NOAA daily product,sanctsound_fk03_01_northatlanticrightwhale_1d,Winter,,,,,0,0,0,0,-1
2019-01-22,24.4888,-81.666316,0,Acoustic,SanctSound/NOAA daily product,sanctsound_fk02_01_northatlanticrightwhale_1d,Winter,,,,,0,0,0,0,-1
2019-01-22,31.396417,-80.8904,0,Acoustic,SanctSound/NOAA daily product,sanctsound_gr01_01_northatlanticrightwhale_1d,Winter,,,,,0,0,0,0,-1
2019-01-22,42.25541,-70.178607,0,Acoustic,SanctSound/NOAA daily product,sanctsound_sb03_01_northatlanticrightwhale_1d,Winter,,,,,0,0,0,0,-1
2019-01-22,42.436838,-70.546958,0,Acoustic,SanctSound/NOAA daily product,sanctsound_sb01_01_northatlanticrightwhale_1d,Winter,,,,,0,0,0,0,-1
2019-01-22,42.470793,-70.24294,0,Acoustic,SanctSound/NOAA daily product,sanctsound_sb02_01_northatlanticrightwhale_1d,Winter,,,,,0,0,0,0,-1
2019-01-23,24.43313,-81.93068,0,Acoustic,SanctSound/NOAA daily product,sanctsound_fk01_01_northatlanticrightwhale_1d,Winter,,,,,0,0,0,0,-1
2019-01-23,24.45895,-81.774133,0,Acoustic,SanctSound/NOAA daily product,sanctsound_fk03_01_northatlanticrightwhale_1d,Winter,,,,,0,0,0,0,-1
2019-01-23,24.4888,-81.666316,0,Acoustic,SanctSound/NOAA daily product,sanctsound_fk02_01_northatlanticrightwhale_1d,Winter,,,,,0,0,0,0,-1
2019-01-23,31.396417,-80.8904,0,Acoustic,SanctSound/NOAA daily product,sanctsound_gr01_01_northatlanticrightwhale_1d,Winter,,,,,0,0,0,0,-1
2019-01-23,42.25541,-70.178607,0,Acoustic,SanctSound/NOAA daily product,sanctsound_sb03_01_northatlanticrightwhale_1d,Winter,,,,,0,0,0,0,-1
2019-01-23,42.436838,-70.546958,0,Acoustic,SanctSound/NOAA daily product,sanctsound_sb01_01_northatlanticrightwhale_1d,Winter,,,,,0,0,0,0,-1
2019-01-23,42.470793,-70.24294,0,Acoustic,SanctSound/NOAA daily product,sanctsound_sb02_01_northatlanticrightwhale_1d,Winter,,,,,0,0,0,0,-1
2019-01-24,24.43313,-81.93068,0,Acoustic,SanctSound/NOAA daily product,sanctsound_fk01_01_northatlanticrightwhale_1d,Winter,,,,,0,0,0,0,-1
2019-01-24,24.45895,-81.774133,0,Acoustic,SanctSound/NOAA daily product,sanctsound_fk03_01_northatlanticrightwhale_1d,Winter,,,,,0,0,0,0,-1
2019-01-24,24.4888,-81.666316,0,Acoustic,SanctSound/NOAA daily product,sanctsound_fk02_01_northatlanticrightwhale_1d,Winter,,,,,0,0,0,0,-1
2019-01-24,31.396417,-80.8904,0,Acoustic,SanctSound/NOAA daily product,sanctsound_gr01_01_northatlanticrightwhale_1d,Winter,,,,,0,0,0,0,-1
2019-01-24,42.25541,-70.178607,0,Acoustic,SanctSound/NOAA daily product,sanctsound_sb03_01_northatlanticrightwhale_1d,Winter,,,,,0,0,0,0,-1
2019-01-24,42.436838,-70.546958,0,Acoustic,SanctSound/NOAA daily product,sanctsound_sb01_01_northatlanticrightwhale_1d,Winter,,,,,0,0,0,0,-1
2019-01-24,42.470793,-70.24294,0,Acoustic,SanctSound/NOAA daily product,sanctsound_sb02_01_northatlanticrightwhale_1d,Winter,,,,,0,0,0,0,-1
2019-01-25,24.43313,-81.93068,0,Acoustic,SanctSound/NOAA daily product,sanctsound_fk01_01_northatlanticrightwhale_1d,Winter,,,,,0,0,0,0,-1
2019-01-25,24.45895,-81.774133,0,Acoustic,SanctSound/NOAA daily product,sanctsound_fk03_01_northatlanticrightwhale_1d,Winter,,,,,0,0,0,0,-1
2019-01-25,24.4888,-81.666316,0,Acoustic,SanctSound/NOAA daily product,sanctsound_fk02_01_northatlanticrightwhale_1d,Winter,,,,,0,0,0,0,-1
2019-01-25,31.396417,-80.8904,0,Acoustic,SanctSound/NOAA daily product,sanctsound_gr01_01_northatlanticrightwhale_1d,Winter,,,,,0,0,0,0,-1
2019-01-25,42.25541,-70.178607,0,Acoustic,SanctSound/NOAA daily product,sanctsound_sb03_01_northatlanticrightwhale_1d,Winter,,,,,0,0,0,0,-1
2019-01-25,42.436838,-70.546958,0,Acoustic,SanctSound/NOAA daily product,sanctsound_sb01_01_northatlanticrightwhale_1d,Winter,,,,,0,0,0,0,-1
2019-01-25,42.470793,-70.24294,0,Acoustic,SanctSound/NOAA daily product,sanctsound_sb02_01_northatlanticrightwhale_1d,Winter,,,,,0,0,0,0,-1
2019-01-26,24.43313,-81.93068,0,Acoustic,SanctSound/NOAA daily product,sanctsound_fk01_01_northatlanticrightwhale_1d,Winter,,,,,0,0,0,0,-1
2019-01-26,24.45895,-81.774133,0,Acoustic,SanctSound/NOAA daily product,sanctsound_fk03_01_northatlanticrightwhale_1d,Winter,,,,,0,0,0,0,-1
2019-01-26,24.4888,-81.666316,0,Acoustic,SanctSound/NOAA daily product,sanctsound_fk02_01_northatlanticrightwhale_1d,Winter,,,,,0,0,0,0,-1
2019-01-26,31.396417,-80.8904,0,Acoustic,SanctSound/NOAA daily product,sanctsound_gr01_01_northatlanticrightwhale_1d,Winter,,,,,0,0,0,0,-1
2019-01-26,42.25541,-70.178607,0,Acoustic,SanctSound/NOAA daily product,sanctsound_sb03_01_northatlanticrightwhale_1d,Winter,,,,,0,0,0,0,-1
2019-01-26,42.436838,-70.546958,0,Acoustic,SanctSound/NOAA daily product,sanctsound_sb01_01_northatlanticrightwhale_1d,Winter,,,,,0,0,0,0,-1
2019-01-26,42.470793,-70.24294,0,Acoustic,SanctSound/NOAA daily product,sanctsound_sb02_01_northatlanticrightwhale_1d,Winter,,,,,0,0,0,0,-1
2019-01-27,24.43313,-81.93068,0,Acoustic,SanctSound/NOAA daily product,sanctsound_fk01_01_northatlanticrightwhale_1d,Winter,,,,,0,0,0,0,-1
2019-01-27,24.45895,-81.774133,0,Acoustic,SanctSound/NOAA daily product,sanctsound_fk03_01_northatlanticrightwhale_1d,Winter,,,,,0,0,0,0,-1
2019-01-27,24.4888,-81.666316,0,Acoustic,SanctSound/NOAA daily product,sanctsound_fk02_01_northatlanticrightwhale_1d,Winter,,,,,0,0,0,0,-1
2019-01-27,31.396417,-80.8904,0,Acoustic,SanctSound/NOAA daily product,sanctsound_gr01_01_northatlanticrightwhale_1d,Winter,,,,,0,0,0,0,-1
2019-01-27,42.25541,-70.178607,0,Acoustic,SanctSound/NOAA daily product,sanctsound_sb03_01_northatlanticrightwhale_1d,Winter,,,,,0,0,0,0,-1
2019-01-27,42.436838,-70.546958,0,Acoustic,SanctSound/NOAA daily product,sanctsound_sb01_01_northatlanticrightwhale_1d,Winter,,,,,0,0,0,0,-1
2019-01-27,42.470793,-70.24294,0,Acoustic,SanctSound/NOAA daily product,sanctsound_sb02_01_northatlanticrightwhale_1d,Winter,,,,,0,0,0,0,-1
2019-01-28,24.43313,-81.93068,0,Acoustic,SanctSound/NOAA daily product,sanctsound_fk01_01_northatlanticrightwhale_1d,Winter,,,,,0,0,0,0,-1
2019-01-28,24.45895,-81.774133,0,Acoustic,SanctSound/NOAA daily product,sanctsound_fk03_01_northatlanticrightwhale_1d,Winter,,,,,0,0,0,0,-1
2019-01-28,24.4888,-81.666316,0,Acoustic,SanctSound/NOAA daily product,sanctsound_fk02_01_northatlanticrightwhale_1d,Winter,,,,,0,0,0,0,-1
2019-01-28,31.396417,-80.8904,0,Acoustic,SanctSound/NOAA daily product,sanctsound_gr01_01_northatlanticrightwhale_1d,Winter,,,,,0,0,0,0,-1
2019-01-28,42.25539,-70.178843,0,Acoustic,SanctSound/NOAA daily product,sanctsound_sb03_02_northatlanticrightwhale_1d,Winter,,,,,0,0,0,0,-1
2019-01-28,42.25541,-70.178607,0,Acoustic,SanctSound/NOAA daily product,sanctsound_sb03_01_northatlanticrightwhale_1d,Winter,,,,,0,0,0,0,-1
2019-01-28,42.43668,-70.546655,0,Acoustic,SanctSound/NOAA daily product,sanctsound_sb01_02_northatlanticrightwhale_1d,Winter,,,,,0,0,0,0,-1
2019-01-28,42.436838,-70.546958,0,Acoustic,SanctSound/NOAA daily product,sanctsound_sb01_01_northatlanticrightwhale_1d,Winter,,,,,0,0,0,0,-1
2019-01-28,42.470793,-70.24294,0,Acoustic,SanctSound/NOAA daily product,sanctsound_sb02_01_northatlanticrightwhale_1d,Winter,,,,,0,0,0,0,-1
2019-01-28,42.4708417,-70.24281,0,Acoustic,SanctSound/NOAA daily product,sanctsound_sb02_02_northatlanticrightwhale_1d,Winter,,,,,0,0,0,0,-1
2019-01-29,24.43313,-81.93068,0,Acoustic,SanctSound/NOAA daily product,sanctsound_fk01_01_northatlanticrightwhale_1d,Winter,,,,,0,0,0,0,-1
2019-01-29,24.45895,-81.774133,0,Acoustic,SanctSound/NOAA daily product,sanctsound_fk03_01_northatlanticrightwhale_1d,Winter,,,,,0,0,0,0,-1
2019-01-29,24.4888,-81.666316,0,Acoustic,SanctSound/NOAA daily product,sanctsound_fk02_01_northatlanticrightwhale_1d,Winter,,,,,0,0,0,0,-1
2019-01-29,31.396417,-80.8904,0,Acoustic,SanctSound/NOAA daily product,sanctsound_gr01_01_northatlanticrightwhale_1d,Winter,,,,,0,0,0,0,-1
2019-01-29,42.25539,-70.178843,0,Acoustic,SanctSound/NOAA daily product,sanctsound_sb03_02_northatlanticrightwhale_1d,Winter,,,,,0,0,0,0,-1
2019-01-29,42.43668,-70.546655,0,Acoustic,SanctSound/NOAA daily product,sanctsound_sb01_02_northatlanticrightwhale_1d,Winter,,,,,0,0,0,0,-1
2019-01-29,42.4708417,-70.24281,1,Acoustic,SanctSound/NOAA daily product,sanctsound_sb02_02_northatlanticrightwhale_1d,Winter,,,,,0,0,0,0,-1
2019-01-30,24.43313,-81.93068,0,Acoustic,SanctSound/NOAA daily product,sanctsound_fk01_01_northatlanticrightwhale_1d,Winter,,,,,0,0,0,0,-1
2019-01-30,24.45895,-81.774133,0,Acoustic,SanctSound/NOAA daily product,sanctsound_fk03_01_northatlanticrightwhale_1d,Winter,,,,,0,0,0,0,-1
2019-01-30,24.4888,-81.666316,0,Acoustic,SanctSound/NOAA daily product,sanctsound_fk02_01_northatlanticrightwhale_1d,Winter,,,,,0,0,0,0,-1
2019-01-30,31.396417,-80.8904,0,Acoustic,SanctSound/NOAA daily product,sanctsound_gr01_01_northatlanticrightwhale_1d,Winter,,,,,0,0,0,0,-1
2019-01-30,42.25539,-70.178843,0,Acoustic,SanctSound/NOAA daily product,sanctsound_sb03_02_northatlanticrightwhale_1d,Winter,,,,,0,0,0,0,-1
2019-01-30,42.43668,-70.546655,1,Acoustic,SanctSound/NOAA daily product,sanctsound_sb01_02_northatlanticrightwhale_1d,Winter,,,,,0,0,0,0,-1
2019-01-30,42.4708417,-70.24281,1,Acoustic,SanctSound/NOAA daily product,sanctsound_sb02_02_northatlanticrightwhale_1d,Winter,,,,,0,0,0,0,-1
2019-01-31,24.43313,-81.93068,0,Acoustic,SanctSound/NOAA daily product,sanctsound_fk01_01_northatlanticrightwhale_1d,Winter,,,,,0,0,0,0,-1
2019-01-31,24.45895,-81.774133,0,Acoustic,SanctSound/NOAA daily product,sanctsound_fk03_01_northatlanticrightwhale_1d,Winter,,,,,0,0,0,0,-1
2019-01-31,24.4888,-81.666316,0,Acoustic,SanctSound/NOAA daily product,sanctsound_fk02_01_northatlanticrightwhale_1d,Winter,,,,,0,0,0,0,-1
2019-01-31,31.396417,-80.8904,0,Acoustic,SanctSound/NOAA daily product,sanctsound_gr01_01_northatlanticrightwhale_1d,Winter,,,,,0,0,0,0,-1
2019-01-31,42.25539,-70.178843,0,Acoustic,SanctSound/NOAA daily product,sanctsound_sb03_02_northatlanticrightwhale_1d,Winter,,,,,0,0,0,0,-1
2019-01-31,42.43668,-70.546655,0,Acoustic,SanctSound/NOAA daily product,sanctsound_sb01_02_northatlanticrightwhale_1d,Winter,,,,,0,0,0,0,-1
2019-01-31,42.4708417,-70.24281,0,Acoustic,SanctSound/NOAA daily product,sanctsound_sb02_02_northatlanticrightwhale_1d,Winter,,,,,0,0,0,0,-1
2019-02-01,24.43313,-81.93068,0,Acoustic,SanctSound/NOAA daily product,sanctsound_fk01_01_northatlanticrightwhale_1d,Winter,,,,,0,0,0,0,-1
2019-02-01,24.45895,-81.774133,0,Acoustic,SanctSound/NOAA daily product,sanctsound_fk03_01_northatlanticrightwhale_1d,Winter,,,,,0,0,0,0,-1
2019-02-01,24.4888,-81.666316,0,Acoustic,SanctSound/NOAA daily product,sanctsound_fk02_01_northatlanticrightwhale_1d,Winter,,,,,0,0,0,0,-1
2019-02-01,31.396417,-80.8904,0,Acoustic,SanctSound/NOAA daily product,sanctsound_gr01_01_northatlanticrightwhale_1d,Winter,,,,,0,0,0,0,-1
2019-02-01,42.25539,-70.178843,0,Acoustic,SanctSound/NOAA daily product,sanctsound_sb03_02_northatlanticrightwhale_1d,Winter,,,,,0,0,0,0,-1
2019-02-01,42.43668,-70.546655,0,Acoustic,SanctSound/NOAA daily product,sanctsound_sb01_02_northatlanticrightwhale_1d,Winter,,,,,0,0,0,0,-1
2019-02-01,42.4708417,-70.24281,0,Acoustic,SanctSound/NOAA daily product,sanctsound_sb02_02_northatlanticrightwhale_1d,Winter,,,,,0,0,0,0,-1
2019-02-02,24.43313,-81.93068,0,Acoustic,SanctSound/NOAA daily product,sanctsound_fk01_01_northatlanticrightwhale_1d,Winter,,,,,0,0,0,0,-1
2019-02-02,24.45895,-81.774133,0,Acoustic,SanctSound/NOAA daily product,sanctsound_fk03_01_northatlanticrightwhale_1d,Winter,,,,,0,0,0,0,-1
2019-02-02,24.4888,-81.666316,0,Acoustic,SanctSound/NOAA daily product,sanctsound_fk02_01_northatlanticrightwhale_1d,Winter,,,,,0,0,0,0,-1
2019-02-02,31.396417,-80.8904,0,Acoustic,SanctSound/NOAA daily product,sanctsound_gr01_01_northatlanticrightwhale_1d,Winter,,,,,0,0,0,0,-1
2019-02-02,42.25539,-70.178843,0,Acoustic,SanctSound/NOAA daily product,sanctsound_sb03_02_northatlanticrightwhale_1d,Winter,,,,,0,0,0,0,-1
2019-02-02,42.43668,-70.546655,0,Acoustic,SanctSound/NOAA daily product,sanctsound_sb01_02_northatlanticrightwhale_1d,Winter,,,,,0,0,0,0,-1
2019-02-02,42.4708417,-70.24281,0,Acoustic,SanctSound/NOAA daily product,sanctsound_sb02_02_northatlanticrightwhale_1d,Winter,,,,,0,0,0,0,-1
2019-02-03,24.43313,-81.93068,0,Acoustic,SanctSound/NOAA daily product,sanctsound_fk01_01_northatlanticrightwhale_1d,Winter,,,,,0,0,0,0,-1
2019-02-03,24.45895,-81.774133,0,Acoustic,SanctSound/NOAA daily product,sanctsound_fk03_01_northatlanticrightwhale_1d,Winter,,,,,0,0,0,0,-1
2019-02-03,24.4888,-81.666316,0,Acoustic,SanctSound/NOAA daily product,sanctsound_fk02_01_northatlanticrightwhale_1d,Winter,,,,,0,0,0,0,-1
2019-02-03,31.396417,-80.8904,0,Acoustic,SanctSound/NOAA daily product,sanctsound_gr01_01_northatlanticrightwhale_1d,Winter,,,,,0,0,0,0,-1
2019-02-03,42.25539,-70.178843,0,Acoustic,SanctSound/NOAA daily product,sanctsound_sb03_02_northatlanticrightwhale_1d,Winter,,,,,0,0,0,0,-1
2019-02-03,42.43668,-70.546655,0,Acoustic,SanctSound/NOAA daily product,sanctsound_sb01_02_northatlanticrightwhale_1d,Winter,,,,,0,0,0,0,-1
2019-02-03,42.4708417,-70.24281,0,Acoustic,SanctSound/NOAA daily product,sanctsound_sb02_02_northatlanticrightwhale_1d,Winter,,,,,0,0,0,0,-1
2019-02-04,24.43313,-81.93068,0,Acoustic,SanctSound/NOAA daily product,sanctsound_fk01_01_northatlanticrightwhale_1d,Winter,,,,,0,0,0,0,-1
2019-02-04,24.45895,-81.774133,0,Acoustic,SanctSound/NOAA daily product,sanctsound_fk03_01_northatlanticrightwhale_1d,Winter,,,,,0,0,0,0,-1
2019-02-04,24.4888,-81.666316,0,Acoustic,SanctSound/NOAA daily product,sanctsound_fk02_01_northatlanticrightwhale_1d,Winter,,,,,0,0,0,0,-1
2019-02-04,31.396417,-80.8904,0,Acoustic,SanctSound/NOAA daily product,sanctsound_gr01_01_northatlanticrightwhale_1d,Winter,,,,,0,0,0,0,-1
2019-02-04,42.25539,-70.178843,0,Acoustic,SanctSound/NOAA daily product,sanctsound_sb03_02_northatlanticrightwhale_1d,Winter,,,,,0,0,0,0,-1
2019-02-04,42.43668,-70.546655,0,Acoustic,SanctSound/NOAA daily product,sanctsound_sb01_02_northatlanticrightwhale_1d,Winter,,,,,0,0,0,0,-1
2019-02-04,42.4708417,-70.24281,0,Acoustic,SanctSound/NOAA daily product,sanctsound_sb02_02_northatlanticrightwhale_1d,Winter,,,,,0,0,0,0,-1
2019-02-05,24.43313,-81.93068,0,Acoustic,SanctSound/NOAA daily product,sanctsound_fk01_01_northatlanticrightwhale_1d,Winter,,,,,0,0,0,0,-1
2019-02-05,24.45895,-81.774133,0,Acoustic,SanctSound/NOAA daily product,sanctsound_fk03_01_northatlanticrightwhale_1d,Winter,,,,,0,0,0,0,-1
2019-02-05,24.4888,-81.666316,0,Acoustic,SanctSound/NOAA daily product,sanctsound_fk02_01_northatlanticrightwhale_1d,Winter,,,,,0,0,0,0,-1
2019-02-05,31.396417,-80.8904,0,Acoustic,SanctSound/NOAA daily product,sanctsound_gr01_01_northatlanticrightwhale_1d,Winter,,,,,0,0,0,0,-1
2019-02-05,42.25539,-70.178843,0,Acoustic,SanctSound/NOAA daily product,sanctsound_sb03_02_northatlanticrightwhale_1d,Winter,,,,,0,0,0,0,-1
2019-02-05,42.43668,-70.546655,0,Acoustic,SanctSound/NOAA daily product,sanctsound_sb01_02_northatlanticrightwhale_1d,Winter,,,,,0,0,0,0,-1
2019-02-05,42.4708417,-70.24281,0,Acoustic,SanctSound/NOAA daily product,sanctsound_sb02_02_northatlanticrightwhale_1d,Winter,,,,,0,0,0,0,-1
2019-02-06,24.43313,-81.93068,0,Acoustic,SanctSound/NOAA daily product,sanctsound_fk01_01_northatlanticrightwhale_1d,Winter,,,,,0,0,0,0,-1
2019-02-06,24.45895,-81.774133,0,Acoustic,SanctSound/NOAA daily product,sanctsound_fk03_01_northatlanticrightwhale_1d,Winter,,,,,0,0,0,0,-1
2019-02-06,24.4888,-81.666316,0,Acoustic,SanctSound/NOAA daily product,sanctsound_fk02_01_northatlanticrightwhale_1d,Winter,,,,,0,0,0,0,-1
2019-02-06,31.396417,-80.8904,0,Acoustic,SanctSound/NOAA daily product,sanctsound_gr01_01_northatlanticrightwhale_1d,Winter,,,,,0,0,0,0,-1
2019-02-06,42.25539,-70.178843,0,Acoustic,SanctSound/NOAA daily product,sanctsound_sb03_02_northatlanticrightwhale_1d,Winter,,,,,0,0,0,0,-1
2019-02-06,42.43668,-70.546655,0,Acoustic,SanctSound/NOAA daily product,sanctsound_sb01_02_northatlanticrightwhale_1d,Winter,,,,,0,0,0,0,-1
2019-02-06,42.4708417,-70.24281,0,Acoustic,SanctSound/NOAA daily product,sanctsound_sb02_02_northatlanticrightwhale_1d,Winter,,,,,0,0,0,0,-1
2019-02-07,24.43313,-81.93068,0,Acoustic,SanctSound/NOAA daily product,sanctsound_fk01_01_northatlanticrightwhale_1d,Winter,,,,,0,0,0,0,-1
2019-02-07,24.45895,-81.774133,0,Acoustic,SanctSound/NOAA daily product,sanctsound_fk03_01_northatlanticrightwhale_1d,Winter,,,,,0,0,0,0,-1
2019-02-07,24.4888,-81.666316,0,Acoustic,SanctSound/NOAA daily product,sanctsound_fk02_01_northatlanticrightwhale_1d,Winter,,,,,0,0,0,0,-1
2019-02-07,31.396417,-80.8904,0,Acoustic,SanctSound/NOAA daily product,sanctsound_gr01_01_northatlanticrightwhale_1d,Winter,,,,,0,0,0,0,-1
2019-02-07,42.25539,-70.178843,0,Acoustic,SanctSound/NOAA daily product,sanctsound_sb03_02_northatlanticrightwhale_1d,Winter,,,,,0,0,0,0,-1
2019-02-07,42.43668,-70.546655,0,Acoustic,SanctSound/NOAA daily product,sanctsound_sb01_02_northatlanticrightwhale_1d,Winter,,,,,0,0,0,0,-1
2019-02-07,42.4708417,-70.24281,0,Acoustic,SanctSound/NOAA daily product,sanctsound_sb02_02_northatlanticrightwhale_1d,Winter,,,,,0,0,0,0,-1
2019-02-08,24.43313,-81.93068,0,Acoustic,SanctSound/NOAA daily product,sanctsound_fk01_01_northatlanticrightwhale_1d,Winter,,,,,0,0,0,0,-1
2019-02-08,24.45895,-81.774133,0,Acoustic,SanctSound/NOAA daily product,sanctsound_fk03_01_northatlanticrightwhale_1d,Winter,,,,,0,0,0,0,-1
2019-02-08,24.4888,-81.666316,0,Acoustic,SanctSound/NOAA daily product,sanctsound_fk02_01_northatlanticrightwhale_1d,Winter,,,,,0,0,0,0,-1
2019-02-08,31.396417,-80.8904,0,Acoustic,SanctSound/NOAA daily product,sanctsound_gr01_01_northatlanticrightwhale_1d,Winter,,,,,0,0,0,0,-1
2019-02-08,42.25539,-70.178843,1,Acoustic,SanctSound/NOAA daily product,sanctsound_sb03_02_northatlanticrightwhale_1d,Winter,,,,,0,0,0,0,-1
2019-02-08,42.43668,-70.546655,0,Acoustic,SanctSound/NOAA daily product,sanctsound_sb01_02_northatlanticrightwhale_1d,Winter,,,,,0,0,0,0,-1
2019-02-08,42.4708417,-70.24281,1,Acoustic,SanctSound/NOAA daily product,sanctsound_sb02_02_northatlanticrightwhale_1d,Winter,,,,,0,0,0,0,-1
2019-02-09,24.43313,-81.93068,0,Acoustic,SanctSound/NOAA daily product,sanctsound_fk01_01_northatlanticrightwhale_1d,Winter,,,,,0,0,0,0,-1
2019-02-09,24.45895,-81.774133,0,Acoustic,SanctSound/NOAA daily product,sanctsound_fk03_01_northatlanticrightwhale_1d,Winter,,,,,0,0,0,0,-1
2019-02-09,24.4888,-81.666316,0,Acoustic,SanctSound/NOAA daily product,sanctsound_fk02_01_northatlanticrightwhale_1d,Winter,,,,,0,0,0,0,-1
2019-02-09,31.396417,-80.8904,0,Acoustic,SanctSound/NOAA daily product,sanctsound_gr01_01_northatlanticrightwhale_1d,Winter,,,,,0,0,0,0,-1
2019-02-09,42.25539,-70.178843,0,Acoustic,SanctSound/NOAA daily product,sanctsound_sb03_02_northatlanticrightwhale_1d,Winter,,,,,0,0,0,0,-1
2019-02-09,42.43668,-70.546655,0,Acoustic,SanctSound/NOAA daily product,sanctsound_sb01_02_northatlanticrightwhale_1d,Winter,,,,,0,0,0,0,-1
2019-02-09,42.4708417,-70.24281,0,Acoustic,SanctSound/NOAA daily product,sanctsound_sb02_02_northatlanticrightwhale_1d,Winter,,,,,0,0,0,0,-1
2019-02-10,24.43313,-81.93068,0,Acoustic,SanctSound/NOAA daily product,sanctsound_fk01_01_northatlanticrightwhale_1d,Winter,,,,,0,0,0,0,-1
2019-02-10,24.45895,-81.774133,0,Acoustic,SanctSound/NOAA daily product,sanctsound_fk03_01_northatlanticrightwhale_1d,Winter,,,,,0,0,0,0,-1
2019-02-10,24.4888,-81.666316,0,Acoustic,SanctSound/NOAA daily product,sanctsound_fk02_01_northatlanticrightwhale_1d,Winter,,,,,0,0,0,0,-1
2019-02-10,31.396417,-80.8904,0,Acoustic,SanctSound/NOAA daily product,sanctsound_gr01_01_northatlanticrightwhale_1d,Winter,,,,,0,0,0,0,-1
2019-02-10,42.25539,-70.178843,0,Acoustic,SanctSound/NOAA daily product,sanctsound_sb03_02_northatlanticrightwhale_1d,Winter,,,,,0,0,0,0,-1
2019-02-10,42.43668,-70.546655,0,Acoustic,SanctSound/NOAA daily product,sanctsound_sb01_02_northatlanticrightwhale_1d,Winter,,,,,0,0,0,0,-1
2019-02-10,42.4708417,-70.24281,0,Acoustic,SanctSound/NOAA daily product,sanctsound_sb02_02_northatlanticrightwhale_1d,Winter,,,,,0,0,0,0,-1
2019-02-11,24.43313,-81.93068,0,Acoustic,SanctSound/NOAA daily product,sanctsound_fk01_01_northatlanticrightwhale_1d,Winter,,,,,0,0,0,0,-1
2019-02-11,24.45895,-81.774133,0,Acoustic,SanctSound/NOAA daily product,sanctsound_fk03_01_northatlanticrightwhale_1d,Winter,,,,,0,0,0,0,-1
2019-02-11,24.4888,-81.666316,0,Acoustic,SanctSound/NOAA daily product,sanctsound_fk02_01_northatlanticrightwhale_1d,Winter,,,,,0,0,0,0,-1
2019-02-11,31.396417,-80.8904,0,Acoustic,SanctSound/NOAA daily product,sanctsound_gr01_01_northatlanticrightwhale_1d,Winter,,,,,0,0,0,0,-1
2019-02-11,42.25539,-70.178843,0,Acoustic,SanctSound/NOAA daily product,sanctsound_sb03_02_northatlanticrightwhale_1d,Winter,,,,,0,0,0,0,-1
2019-02-11,42.43668,-70.546655,0,Acoustic,SanctSound/NOAA daily product,sanctsound_sb01_02_northatlanticrightwhale_1d,Winter,,,,,0,0,0,0,-1
2019-02-11,42.4708417,-70.24281,0,Acoustic,SanctSound/NOAA daily product,sanctsound_sb02_02_northatlanticrightwhale_1d,Winter,,,,,0,0,0,0,-1
2019-02-12,24.43313,-81.93068,0,Acoustic,SanctSound/NOAA daily product,sanctsound_fk01_01_northatlanticrightwhale_1d,Winter,,,,,0,0,0,0,-1
2019-02-12,24.45895,-81.774133,0,Acoustic,SanctSound/NOAA daily product,sanctsound_fk03_01_northatlanticrightwhale_1d,Winter,,,,,0,0,0,0,-1
2019-02-12,24.4888,-81.666316,0,Acoustic,SanctSound/NOAA daily product,sanctsound_fk02_01_northatlanticrightwhale_1d,Winter,,,,,0,0,0,0,-1
2019-02-12,31.396417,-80.8904,0,Acoustic,SanctSound/NOAA daily product,sanctsound_gr01_01_northatlanticrightwhale_1d,Winter,,,,,0,0,0,0,-1
2019-02-12,42.25539,-70.178843,0,Acoustic,SanctSound/NOAA daily product,sanctsound_sb03_02_northatlanticrightwhale_1d,Winter,,,,,0,0,0,0,-1
2019-02-12,42.43668,-70.546655,0,Acoustic,SanctSound/NOAA daily product,sanctsound_sb01_02_northatlanticrightwhale_1d,Winter,,,,,0,0,0,0,-1
2019-02-12,42.4708417,-70.24281,0,Acoustic,SanctSound/NOAA daily product,sanctsound_sb02_02_northatlanticrightwhale_1d,Winter,,,,,0,0,0,0,-1
2019-02-13,24.43313,-81.93068,0,Acoustic,SanctSound/NOAA daily product,sanctsound_fk01_01_northatlanticrightwhale_1d,Winter,,,,,0,0,0,0,-1
2019-02-13,24.45895,-81.774133,0,Acoustic,SanctSound/NOAA daily product,sanctsound_fk03_01_northatlanticrightwhale_1d,Winter,,,,,0,0,0,0,-1
2019-02-13,24.4888,-81.666316,0,Acoustic,SanctSound/NOAA daily product,sanctsound_fk02_01_northatlanticrightwhale_1d,Winter,,,,,0,0,0,0,-1
2019-02-13,31.396417,-80.8904,0,Acoustic,SanctSound/NOAA daily product,sanctsound_gr01_01_northatlanticrightwhale_1d,Winter,,,,,0,0,0,0,-1
2019-02-13,42.25539,-70.178843,1,Acoustic,SanctSound/NOAA daily product,sanctsound_sb03_02_northatlanticrightwhale_1d,Winter,,,,,0,0,0,0,-1
2019-02-13,42.43668,-70.546655,0,Acoustic,SanctSound/NOAA daily product,sanctsound_sb01_02_northatlanticrightwhale_1d,Winter,,,,,0,0,0,0,-1
2019-02-13,42.4708417,-70.24281,0,Acoustic,SanctSound/NOAA daily product,sanctsound_sb02_02_northatlanticrightwhale_1d,Winter,,,,,0,0,0,0,-1
2019-02-14,24.43313,-81.93068,0,Acoustic,SanctSound/NOAA daily product,sanctsound_fk01_01_northatlanticrightwhale_1d,Winter,,,,,0,0,0,0,-1
2019-02-14,24.45895,-81.774133,0,Acoustic,SanctSound/NOAA daily product,sanctsound_fk03_01_northatlanticrightwhale_1d,Winter,,,,,0,0,0,0,-1
2019-02-14,24.4888,-81.666316,0,Acoustic,SanctSound/NOAA daily product,sanctsound_fk02_01_northatlanticrightwhale_1d,Winter,,,,,0,0,0,0,-1
2019-02-14,31.396417,-80.8904,0,Acoustic,SanctSound/NOAA daily product,sanctsound_gr01_01_northatlanticrightwhale_1d,Winter,,,,,0,0,0,0,-1
2019-02-14,42.25539,-70.178843,0,Acoustic,SanctSound/NOAA daily product,sanctsound_sb03_02_northatlanticrightwhale_1d,Winter,,,,,0,0,0,0,-1
2019-02-14,42.43668,-70.546655,0,Acoustic,SanctSound/NOAA daily product,sanctsound_sb01_02_northatlanticrightwhale_1d,Winter,,,,,0,0,0,0,-1
2019-02-14,42.4708417,-70.24281,0,Acoustic,SanctSound/NOAA daily product,sanctsound_sb02_02_northatlanticrightwhale_1d,Winter,,,,,0,0,0,0,-1
2019-02-15,24.43313,-81.93068,0,Acoustic,SanctSound/NOAA daily product,sanctsound_fk01_01_northatlanticrightwhale_1d,Winter,,,,,0,0,0,0,-1
2019-02-15,24.45895,-81.774133,0,Acoustic,SanctSound/NOAA daily product,sanctsound_fk03_01_northatlanticrightwhale_1d,Winter,,,,,0,0,0,0,-1
2019-02-15,24.4888,-81.666316,0,Acoustic,SanctSound/NOAA daily product,sanctsound_fk02_01_northatlanticrightwhale_1d,Winter,,,,,0,0,0,0,-1
2019-02-15,31.396417,-80.8904,0,Acoustic,SanctSound/NOAA daily product,sanctsound_gr01_01_northatlanticrightwhale_1d,Winter,,,,,0,0,0,0,-1
2019-02-15,42.25539,-70.178843,1,Acoustic,SanctSound/NOAA daily product,sanctsound_sb03_02_northatlanticrightwhale_1d,Winter,,,,,0,0,0,0,-1
2019-02-15,42.43668,-70.546655,0,Acoustic,SanctSound/NOAA daily product,sanctsound_sb01_02_northatlanticrightwhale_1d,Winter,,,,,0,0,0,0,-1
2019-02-15,42.4708417,-70.24281,0,Acoustic,SanctSound/NOAA daily product,sanctsound_sb02_02_northatlanticrightwhale_1d,Winter,,,,,0,0,0,0,-1
2019-02-16,24.43313,-81.93068,0,Acoustic,SanctSound/NOAA daily product,sanctsound_fk01_01_northatlanticrightwhale_1d,Winter,,,,,0,0,0,0,-1
2019-02-16,24.45895,-81.774133,0,Acoustic,SanctSound/NOAA daily product,sanctsound_fk03_01_northatlanticrightwhale_1d,Winter,,,,,0,0,0,0,-1
2019-02-16,24.4888,-81.666316,0,Acoustic,SanctSound/NOAA daily product,sanctsound_fk02_01_northatlanticrightwhale_1d,Winter,,,,,0,0,0,0,-1
2019-02-16,31.396417,-80.8904,0,Acoustic,SanctSound/NOAA daily product,sanctsound_gr01_01_northatlanticrightwhale_1d,Winter,,,,,0,0,0,0,-1
2019-02-16,42.25539,-70.178843,0,Acoustic,SanctSound/NOAA daily product,sanctsound_sb03_02_northatlanticrightwhale_1d,Winter,,,,,0,0,0,0,-1
2019-02-16,42.43668,-70.546655,0,Acoustic,SanctSound/NOAA daily product,sanctsound_sb01_02_northatlanticrightwhale_1d,Winter,,,,,0,0,0,0,-1
2019-02-16,42.4708417,-70.24281,0,Acoustic,SanctSound/NOAA daily product,sanctsound_sb02_02_northatlanticrightwhale_1d,Winter,,,,,0,0,0,0,-1
2019-02-17,24.43313,-81.93068,0,Acoustic,SanctSound/NOAA daily product,sanctsound_fk01_01_northatlanticrightwhale_1d,Winter,,,,,0,0,0,0,-1
2019-02-17,24.45895,-81.774133,0,Acoustic,SanctSound/NOAA daily product,sanctsound_fk03_01_northatlanticrightwhale_1d,Winter,,,,,0,0,0,0,-1
2019-02-17,24.4888,-81.666316,0,Acoustic,SanctSound/NOAA daily product,sanctsound_fk02_01_northatlanticrightwhale_1d,Winter,,,,,0,0,0,0,-1
2019-02-17,31.396417,-80.8904,0,Acoustic,SanctSound/NOAA daily product,sanctsound_gr01_01_northatlanticrightwhale_1d,Winter,,,,,0,0,0,0,-1
2019-02-17,42.25539,-70.178843,1,Acoustic,SanctSound/NOAA daily product,sanctsound_sb03_02_northatlanticrightwhale_1d,Winter,,,,,0,0,0,0,-1
2019-02-17,42.43668,-70.546655,0,Acoustic,SanctSound/NOAA daily product,sanctsound_sb01_02_northatlanticrightwhale_1d,Winter,,,,,0,0,0,0,-1
2019-02-17,42.4708417,-70.24281,0,Acoustic,SanctSound/NOAA daily product,sanctsound_sb02_02_northatlanticrightwhale_1d,Winter,,,,,0,0,0,0,-1
2019-02-18,24.43313,-81.93068,0,Acoustic,SanctSound/NOAA daily product,sanctsound_fk01_01_northatlanticrightwhale_1d,Winter,,,,,0,0,0,0,-1
2019-02-18,24.45895,-81.774133,0,Acoustic,SanctSound/NOAA daily product,sanctsound_fk03_01_northatlanticrightwhale_1d,Winter,,,,,0,0,0,0,-1
2019-02-18,24.4888,-81.666316,0,Acoustic,SanctSound/NOAA daily product,sanctsound_fk02_01_northatlanticrightwhale_1d,Winter,,,,,0,0,0,0,-1
2019-02-18,31.396417,-80.8904,0,Acoustic,SanctSound/NOAA daily product,sanctsound_gr01_01_northatlanticrightwhale_1d,Winter,,,,,0,0,0,0,-1
2019-02-18,42.25539,-70.178843,0,Acoustic,SanctSound/NOAA daily product,sanctsound_sb03_02_northatlanticrightwhale_1d,Winter,,,,,0,0,0,0,-1
2019-02-18,42.43668,-70.546655,0,Acoustic,SanctSound/NOAA daily product,sanctsound_sb01_02_northatlanticrightwhale_1d,Winter,,,,,0,0,0,0,-1
2019-02-18,42.4708417,-70.24281,0,Acoustic,SanctSound/NOAA daily product,sanctsound_sb02_02_northatlanticrightwhale_1d,Winter,,,,,0,0,0,0,-1
2019-02-19,24.43313,-81.93068,0,Acoustic,SanctSound/NOAA daily product,sanctsound_fk01_01_northatlanticrightwhale_1d,Winter,,,,,0,0,0,0,-1
2019-02-19,24.45895,-81.774133,0,Acoustic,SanctSound/NOAA daily product,sanctsound_fk03_01_northatlanticrightwhale_1d,Winter,,,,,0,0,0,0,-1
2019-02-19,24.4888,-81.666316,0,Acoustic,SanctSound/NOAA daily product,sanctsound_fk02_01_northatlanticrightwhale_1d,Winter,,,,,0,0,0,0,-1
2019-02-19,31.396417,-80.8904,0,Acoustic,SanctSound/NOAA daily product,sanctsound_gr01_01_northatlanticrightwhale_1d,Winter,,,,,0,0,0,0,-1
2019-02-19,42.25539,-70.178843,0,Acoustic,SanctSound/NOAA daily product,sanctsound_sb03_02_northatlanticrightwhale_1d,Winter,,,,,0,0,0,0,-1
2019-02-19,42.43668,-70.546655,0,Acoustic,SanctSound/NOAA daily product,sanctsound_sb01_02_northatlanticrightwhale_1d,Winter,,,,,0,0,0,0,-1
2019-02-19,42.4708417,-70.24281,0,Acoustic,SanctSound/NOAA daily product,sanctsound_sb02_02_northatlanticrightwhale_1d,Winter,,,,,0,0,0,0,-1
2019-02-20,24.43313,-81.93068,0,Acoustic,SanctSound/NOAA daily product,sanctsound_fk01_01_northatlanticrightwhale_1d,Winter,,,,,0,0,0,0,-1
2019-02-20,24.45895,-81.774133,0,Acoustic,SanctSound/NOAA daily product,sanctsound_fk03_01_northatlanticrightwhale_1d,Winter,,,,,0,0,0,0,-1
2019-02-20,24.4888,-81.666316,0,Acoustic,SanctSound/NOAA daily product,sanctsound_fk02_01_northatlanticrightwhale_1d,Winter,,,,,0,0,0,0,-1
2019-02-20,31.396417,-80.8904,0,Acoustic,SanctSound/NOAA daily product,sanctsound_gr01_01_northatlanticrightwhale_1d,Winter,,,,,0,0,0,0,-1
2019-02-20,42.25539,-70.178843,0,Acoustic,SanctSound/NOAA daily product,sanctsound_sb03_02_northatlanticrightwhale_1d,Winter,,,,,0,0,0,0,-1
2019-02-20,42.43668,-70.546655,0,Acoustic,SanctSound/NOAA daily product,sanctsound_sb01_02_northatlanticrightwhale_1d,Winter,,,,,0,0,0,0,-1
2019-02-20,42.4708417,-70.24281,0,Acoustic,SanctSound/NOAA daily product,sanctsound_sb02_02_northatlanticrightwhale_1d,Winter,,,,,0,0,0,0,-1
2019-02-21,24.43313,-81.93068,0,Acoustic,SanctSound/NOAA daily product,sanctsound_fk01_01_northatlanticrightwhale_1d,Winter,,,,,0,0,0,0,-1
2019-02-21,24.45895,-81.774133,0,Acoustic,SanctSound/NOAA daily product,sanctsound_fk03_01_northatlanticrightwhale_1d,Winter,,,,,0,0,0,0,-1
2019-02-21,24.4888,-81.666316,0,Acoustic,SanctSound/NOAA daily product,sanctsound_fk02_01_northatlanticrightwhale_1d,Winter,,,,,0,0,0,0,-1
2019-02-21,31.396417,-80.8904,0,Acoustic,SanctSound/NOAA daily product,sanctsound_gr01_01_northatlanticrightwhale_1d,Winter,,,,,0,0,0,0,-1
2019-02-21,42.25539,-70.178843,1,Acoustic,SanctSound/NOAA daily product,sanctsound_sb03_02_northatlanticrightwhale_1d,Winter,,,,,0,0,0,0,-1
2019-02-21,42.43668,-70.546655,0,Acoustic,SanctSound/NOAA daily product,sanctsound_sb01_02_northatlanticrightwhale_1d,Winter,,,,,0,0,0,0,-1
2019-02-21,42.4708417,-70.24281,0,Acoustic,SanctSound/NOAA daily product,sanctsound_sb02_02_northatlanticrightwhale_1d,Winter,,,,,0,0,0,0,-1
2019-02-22,24.43313,-81.93068,0,Acoustic,SanctSound/NOAA daily product,sanctsound_fk01_01_northatlanticrightwhale_1d,Winter,,,,,0,0,0,0,-1
2019-02-22,24.45895,-81.774133,0,Acoustic,SanctSound/NOAA daily product,sanctsound_fk03_01_northatlanticrightwhale_1d,Winter,,,,,0,0,0,0,-1
2019-02-22,24.4888,-81.666316,0,Acoustic,SanctSound/NOAA daily product,sanctsound_fk02_01_northatlanticrightwhale_1d,Winter,,,,,0,0,0,0,-1
2019-02-22,31.396417,-80.8904,0,Acoustic,SanctSound/NOAA daily product,sanctsound_gr01_01_northatlanticrightwhale_1d,Winter,,,,,0,0,0,0,-1
2019-02-22,42.25539,-70.178843,1,Acoustic,SanctSound/NOAA daily product,sanctsound_sb03_02_northatlanticrightwhale_1d,Winter,,,,,0,0,0,0,-1
2019-02-22,42.43668,-70.546655,0,Acoustic,SanctSound/NOAA daily product,sanctsound_sb01_02_northatlanticrightwhale_1d,Winter,,,,,0,0,0,0,-1
2019-02-22,42.4708417,-70.24281,0,Acoustic,SanctSound/NOAA daily product,sanctsound_sb02_02_northatlanticrightwhale_1d,Winter,,,,,0,0,0,0,-1
2019-02-23,24.43313,-81.93068,0,Acoustic,SanctSound/NOAA daily product,sanctsound_fk01_01_northatlanticrightwhale_1d,Winter,,,,,0,0,0,0,-1
2019-02-23,24.45895,-81.774133,0,Acoustic,SanctSound/NOAA daily product,sanctsound_fk03_01_northatlanticrightwhale_1d,Winter,,,,,0,0,0,0,-1
2019-02-23,24.4888,-81.666316,0,Acoustic,SanctSound/NOAA daily product,sanctsound_fk02_01_northatlanticrightwhale_1d,Winter,,,,,0,0,0,0,-1
2019-02-23,31.396417,-80.8904,0,Acoustic,SanctSound/NOAA daily product,sanctsound_gr01_01_northatlanticrightwhale_1d,Winter,,,,,0,0,0,0,-1
2019-02-23,42.25539,-70.178843,0,Acoustic,SanctSound/NOAA daily product,sanctsound_sb03_02_northatlanticrightwhale_1d,Winter,,,,,0,0,0,0,-1
2019-02-23,42.43668,-70.546655,0,Acoustic,SanctSound/NOAA daily product,sanctsound_sb01_02_northatlanticrightwhale_1d,Winter,,,,,0,0,0,0,-1
2019-02-23,42.4708417,-70.24281,0,Acoustic,SanctSound/NOAA daily product,sanctsound_sb02_02_northatlanticrightwhale_1d,Winter,,,,,0,0,0,0,-1
2019-02-24,24.43313,-81.93068,0,Acoustic,SanctSound/NOAA daily product,sanctsound_fk01_01_northatlanticrightwhale_1d,Winter,,,,,0,0,0,0,-1
2019-02-24,24.45895,-81.774133,0,Acoustic,SanctSound/NOAA daily product,sanctsound_fk03_01_northatlanticrightwhale_1d,Winter,,,,,0,0,0,0,-1
2019-02-24,24.4888,-81.666316,0,Acoustic,SanctSound/NOAA daily product,sanctsound_fk02_01_northatlanticrightwhale_1d,Winter,,,,,0,0,0,0,-1
2019-02-24,31.396417,-80.8904,0,Acoustic,SanctSound/NOAA daily product,sanctsound_gr01_01_northatlanticrightwhale_1d,Winter,,,,,0,0,0,0,-1
2019-02-24,42.25539,-70.178843,0,Acoustic,SanctSound/NOAA daily product,sanctsound_sb03_02_northatlanticrightwhale_1d,Winter,,,,,0,0,0,0,-1
2019-02-24,42.43668,-70.546655,0,Acoustic,SanctSound/NOAA daily product,sanctsound_sb01_02_northatlanticrightwhale_1d,Winter,,,,,0,0,0,0,-1
2019-02-24,42.4708417,-70.24281,0,Acoustic,SanctSound/NOAA daily product,sanctsound_sb02_02_northatlanticrightwhale_1d,Winter,,,,,0,0,0,0,-1
2019-02-25,42.43668,-70.546655,0,Acoustic,SanctSound/NOAA daily product,sanctsound_sb01_02_northatlanticrightwhale_1d,Winter,,,,,0,0,0,0,-1
